"experiment","unit","unit_number","id_1","id_2","id_3","time","date","salinity","pHat25","fileName","unit_ID","alk","insituTemp","pHinsitu","dateString","tankTemp","dic"
"Juvenile","Tank",2,"NA","NA","NA","0.45833333333333331",2019-08-10,28.8,7.549664967,"2021.01.05_masterSPECsalmonshedTANKdata.xlsx","Tank_2",1972.442,NA,NA,"2019-08-10",NA,1923.03811277757
"Juvenile","Tank",3,"NA","NA","NA","0.45833333333333331",2019-08-10,28.8,7.549090376,"2021.01.05_masterSPECsalmonshedTANKdata.xlsx","Tank_3",1972.442,NA,NA,"2019-08-10",NA,1923.20052200138
"Juvenile","Tank",5,"NA","NA","NA","0.45833333333333331",2019-08-10,28.8,7.563150294,"2021.01.05_masterSPECsalmonshedTANKdata.xlsx","Tank_5",1972.442,NA,NA,"2019-08-10",NA,1919.21212614679
"Juvenile","Tank",6,"NA","NA","NA","0.45833333333333331",2019-08-10,28.8,7.569084489,"2021.01.05_masterSPECsalmonshedTANKdata.xlsx","Tank_6",1972.442,NA,NA,"2019-08-10",NA,1917.51937776915
"Juvenile","Tank",1,"NA","NA","NA","0.45833333333333331",2019-08-10,28.8,7.591060622,"2021.01.05_masterSPECsalmonshedTANKdata.xlsx","Tank_1",1972.442,NA,NA,"2019-08-10",NA,1911.19745650285
"Juvenile","Tank",4,"NA","NA","NA","0.45833333333333331",2019-08-10,28.8,7.601499656,"2021.01.05_masterSPECsalmonshedTANKdata.xlsx","Tank_4",1972.442,NA,NA,"2019-08-10",NA,1908.16279975045
"Juvenile","Tank",5,"NA","NA","NA","0.45833333333333331",2018-08-29,29.99,7.47182662565748,"2021.01.05_masterSPECsalmonshedTANKdata.xlsx","Tank_5",2032.35255,12.5,7.63665523232687,"2018-08-29",12.5,2000.87612552811
"Juvenile","Tank",2,"NA","NA","NA","0.45833333333333331",2018-08-29,29.99,7.11559257852205,"2021.01.05_masterSPECsalmonshedTANKdata.xlsx","Tank_2",2032.35255,12.5,7.25249806138393,"2018-08-29",12.5,2107.88103924446
"Juvenile","Tank",4,"NA","NA","NA","0.45833333333333331",2018-08-29,29.99,7.11694948569439,"2021.01.05_masterSPECsalmonshedTANKdata.xlsx","Tank_4",2032.35255,12.5,7.25393847333099,"2018-08-29",12.5,2107.41352723232
"Juvenile","Tank",6,"NA","NA","NA","0.45833333333333331",2018-08-29,29.99,7.0578580486228,"2021.01.05_masterSPECsalmonshedTANKdata.xlsx","Tank_6",2032.35255,12.5,7.19146483987038,"2018-08-29",12.5,2128.57369100847
"Juvenile","Tank",1,"NA","NA","NA","0.45833333333333331",2018-08-29,29.99,7.53247437982311,"2021.01.05_masterSPECsalmonshedTANKdata.xlsx","Tank_1",2032.35255,12.5,7.70198475253261,"2018-08-29",12.5,1983.36595519826
"Juvenile","Tank",3,"NA","NA","NA","0.45833333333333331",2018-08-29,29.99,7.53893460353493,"2021.01.05_masterSPECsalmonshedTANKdata.xlsx","Tank_3",2032.35255,12.5,7.70891974888732,"2018-08-29",12.5,1981.47440849863
"Juvenile","Tank",1,"NA","NA","NA","0.45833333333333331",2018-09-11,30.26,7.6228038149988,"2021.01.05_masterSPECsalmonshedTANKdata.xlsx","Tank_1",2045.9457,27.5,7.58919454332939,"2018-09-11",27.5,1968.54949213917
"Juvenile","Tank",1,"NA","NA","NA","0.45833333333333331",2018-09-11,30.26,7.61750507560371,"2021.01.05_masterSPECsalmonshedTANKdata.xlsx","Tank_1",2045.9457,27.5,7.58397123273586,"2018-09-11",27.5,1970.20370405233
"Juvenile","Tank",2,"NA","NA","NA","0.45833333333333331",2018-09-11,30.26,7.10379940248934,"2021.01.05_masterSPECsalmonshedTANKdata.xlsx","Tank_2",2045.9457,13.5,7.22837523055918,"2018-09-11",13.5,2125.52434973093
"Juvenile","Tank",2,"NA","NA","NA","0.45833333333333331",2018-09-11,30.26,7.10683320407696,"2021.01.05_masterSPECsalmonshedTANKdata.xlsx","Tank_2",2045.9457,13.5,7.23157887759094,"2018-09-11",13.5,2124.45810516075
"Juvenile","Tank",3,"NA","NA","NA","0.45833333333333331",2018-09-11,30.26,7.61560559982295,"2021.01.05_masterSPECsalmonshedTANKdata.xlsx","Tank_3",2045.9457,27.5,7.58209899230327,"2018-09-11",27.5,1970.79504983386
"Juvenile","Tank",3,"NA","NA","NA","0.45833333333333331",2018-09-11,30.26,7.61652349549946,"2021.01.05_masterSPECsalmonshedTANKdata.xlsx","Tank_3",2045.9457,27.5,7.58300371398734,"2018-09-11",27.5,1970.50939786138
"Juvenile","Tank",4,"NA","NA","NA","0.45833333333333331",2018-09-11,30.26,6.87553033712579,"2021.01.05_masterSPECsalmonshedTANKdata.xlsx","Tank_4",2045.9457,10,7.03025173082814,"2018-09-11",10,2221.72730044437
"Juvenile","Tank",4,"NA","NA","NA","0.45833333333333331",2018-09-11,30.26,6.83464496341236,"2021.01.05_masterSPECsalmonshedTANKdata.xlsx","Tank_4",2045.9457,10,6.98807007922291,"2018-09-11",10,2243.39724218789
"Juvenile","Tank",5,"NA","NA","NA","0.45833333333333331",2018-09-11,30.26,7.62147017398454,"2021.01.05_masterSPECsalmonshedTANKdata.xlsx","Tank_5",2045.9457,13.4,7.78405075807963,"2018-09-11",13.4,1968.96648521262
"Juvenile","Tank",5,"NA","NA","NA","0.45833333333333331",2018-09-11,30.26,7.62151786740304,"2021.01.05_masterSPECsalmonshedTANKdata.xlsx","Tank_5",2045.9457,13.4,7.78410121368586,"2018-09-11",13.4,1968.95158029889
"Juvenile","Tank",6,"NA","NA","NA","0.45833333333333331",2018-09-11,30.26,7.05489780780668,"2021.01.05_masterSPECsalmonshedTANKdata.xlsx","Tank_6",2045.9457,13.4,7.17805875366301,"2018-09-11",13.4,2143.32665783728
"Juvenile","Tank",6,"NA","NA","NA","0.45833333333333331",2018-09-11,30.26,7.04526205378974,"2021.01.05_masterSPECsalmonshedTANKdata.xlsx","Tank_6",2045.9457,13.4,7.16795333945464,"2018-09-11",13.4,2146.98204865007
"Juvenile","Tank",1,"NA","NA","NA","0.45833333333333331",2018-09-19,30.31,7.48028640448751,"2021.01.05_masterSPECsalmonshedTANKdata.xlsx","Tank_1",2048.46295,12.2,7.65016358101131,"2018-09-19",12.2,2013.52032454043
"Juvenile","Tank",2,"NA","NA","NA","0.45833333333333331",2018-09-19,30.31,7.06968081337156,"2021.01.05_masterSPECsalmonshedTANKdata.xlsx","Tank_2",2048.46295,12.3,7.20639988040927,"2018-09-19",12.3,2140.33822182396
"Juvenile","Tank",3,"NA","NA","NA","0.45833333333333331",2018-09-19,30.31,7.49240436044746,"2021.01.05_masterSPECsalmonshedTANKdata.xlsx","Tank_3",2048.46295,12.2,7.66325437538073,"2018-09-19",12.2,2010.00506360851
"Juvenile","Tank",4,"NA","NA","NA","0.45833333333333331",2018-09-19,30.31,7.06276855294229,"2021.01.05_masterSPECsalmonshedTANKdata.xlsx","Tank_4",2048.46295,12.2,7.20027618766994,"2018-09-19",12.2,2142.90259097846
"Juvenile","Tank",5,"NA","NA","NA","0.45833333333333331",2018-09-19,30.31,7.48872304452297,"2021.01.05_masterSPECsalmonshedTANKdata.xlsx","Tank_5",2048.46295,12.2,7.65927906753981,"2018-09-19",12.2,2011.07441681536
"Juvenile","Tank",6,"NA","NA","NA","0.45833333333333331",2018-09-19,30.31,6.93576773077416,"2021.01.05_masterSPECsalmonshedTANKdata.xlsx","Tank_6",2048.46295,12.3,7.06632825186938,"2018-09-19",12.3,2195.24022986607
"Juvenile","Tank",1,"NA","NA","NA","0.45833333333333331",2018-10-02,28.27,7.55132290859374,"2021.01.05_masterSPECsalmonshedTANKdata.xlsx","Tank_1",1945.75915,12.8,7.71697953525789,"2018-10-02",12.8,1897.91399571549
"Juvenile","Tank",1,"NA","NA","NA","0.45833333333333331",2018-10-02,28.27,7.55956182053962,"2021.01.05_masterSPECsalmonshedTANKdata.xlsx","Tank_1",1945.75915,12.8,7.72580608657688,"2018-10-02",12.8,1895.62235714903
"Juvenile","Tank",2,"NA","NA","NA","0.45833333333333331",2018-10-02,28.27,7.09953572231084,"2021.01.05_masterSPECsalmonshedTANKdata.xlsx","Tank_2",1945.75915,12.9,7.22999042059062,"2018-10-02",12.9,2027.07688528491
"Juvenile","Tank",2,"NA","NA","NA","0.45833333333333331",2018-10-02,28.27,7.07562554226087,"2021.01.05_masterSPECsalmonshedTANKdata.xlsx","Tank_2",1945.75915,12.9,7.20479600534955,"2018-10-02",12.9,2035.32330264233
"Juvenile","Tank",3,"NA","NA","NA","0.45833333333333331",2018-10-02,28.27,7.55956182053962,"2021.01.05_masterSPECsalmonshedTANKdata.xlsx","Tank_3",1945.75915,12.8,7.72580608657688,"2018-10-02",12.8,1895.62235714903
"Juvenile","Tank",3,"NA","NA","NA","0.45833333333333331",2018-10-02,28.27,7.56738833225271,"2021.01.05_masterSPECsalmonshedTANKdata.xlsx","Tank_3",1945.75915,12.8,7.73418321340486,"2018-10-02",12.8,1893.43598243323
"Juvenile","Tank",4,"NA","NA","NA","0.45833333333333331",2018-10-02,28.27,7.08099396119344,"2021.01.05_masterSPECsalmonshedTANKdata.xlsx","Tank_4",1945.75915,12.8,7.21160657784281,"2018-10-02",12.8,2033.44753611871
"Juvenile","Tank",4,"NA","NA","NA","0.45833333333333331",2018-10-02,28.27,7.08099396119344,"2021.01.05_masterSPECsalmonshedTANKdata.xlsx","Tank_4",1945.75915,12.8,7.21160657784281,"2018-10-02",12.8,2033.44753611871
"Juvenile","Tank",5,"NA","NA","NA","0.45833333333333331",2018-10-02,28.27,7.5419979196504,"2021.01.05_masterSPECsalmonshedTANKdata.xlsx","Tank_5",1945.75915,12.8,7.70697978343895,"2018-10-02",12.8,1900.49616773708
"Juvenile","Tank",5,"NA","NA","NA","0.45833333333333331",2018-10-02,28.27,7.56248101508643,"2021.01.05_masterSPECsalmonshedTANKdata.xlsx","Tank_5",1945.75915,12.8,7.72893153007718,"2018-10-02",12.8,1894.80797031308
"Juvenile","Tank",6,"NA","NA","NA","0.45833333333333331",2018-10-02,28.27,7.06105176131159,"2021.01.05_masterSPECsalmonshedTANKdata.xlsx","Tank_6",1945.75915,12.9,7.18947991974583,"2018-10-02",12.9,2040.48962924015
"Juvenile","Tank",6,"NA","NA","NA","0.45833333333333331",2018-10-02,28.27,7.03225908907723,"2021.01.05_masterSPECsalmonshedTANKdata.xlsx","Tank_6",1945.75915,12.9,7.1593094237481,"2018-10-02",12.9,2051.0337053265
"Juvenile","Tank",1,"NA","NA","NA","0.45833333333333331",2018-10-09,28.27,7.53840583545442,"2021.01.05_masterSPECsalmonshedTANKdata.xlsx","Tank_1",1945.75915,12.3,7.71019583160851,"2018-10-09",12.3,1901.487750538
"Juvenile","Tank",1,"NA","NA","NA","0.45833333333333331",2018-10-09,28.27,7.51751948103017,"2021.01.05_masterSPECsalmonshedTANKdata.xlsx","Tank_1",1945.75915,12.3,7.687697884725,"2018-10-09",12.3,1907.22237070508
"Juvenile","Tank",2,"NA","NA","NA","0.45833333333333331",2018-10-09,28.27,7.11361190776873,"2021.01.05_masterSPECsalmonshedTANKdata.xlsx","Tank_2",1945.75915,12.4,7.25074673986776,"2018-10-09",12.4,2022.34725187027
"Juvenile","Tank",2,"NA","NA","NA","0.45833333333333331",2018-10-09,28.27,7.10262949552399,"2021.01.05_masterSPECsalmonshedTANKdata.xlsx","Tank_2",1945.75915,12.4,7.23911947236061,"2018-10-09",12.4,2026.02968565812
"Juvenile","Tank",3,"NA","NA","NA","0.45833333333333331",2018-10-09,28.27,7.50083406240702,"2021.01.05_masterSPECsalmonshedTANKdata.xlsx","Tank_3",1945.75915,12.3,7.66969132915191,"2018-10-09",12.3,1911.77030289758
"Juvenile","Tank",3,"NA","NA","NA","0.45833333333333331",2018-10-09,28.27,7.52407389379294,"2021.01.05_masterSPECsalmonshedTANKdata.xlsx","Tank_3",1945.75915,12.3,7.69476327980704,"2018-10-09",12.3,1905.42815772327
"Juvenile","Tank",4,"NA","NA","NA","0.45833333333333331",2018-10-09,28.27,6.89044732487059,"2021.01.05_masterSPECsalmonshedTANKdata.xlsx","Tank_4",1945.75915,12.4,7.01783928531046,"2018-10-09",12.4,2110.99788121856
"Juvenile","Tank",4,"NA","NA","NA","0.45833333333333331",2018-10-09,28.27,7.01107459455402,"2021.01.05_masterSPECsalmonshedTANKdata.xlsx","Tank_4",1945.75915,12.4,7.14288801112057,"2018-10-09",12.4,2059.09920286676
"Juvenile","Tank",5,"NA","NA","NA","0.45833333333333331",2018-10-09,28.27,7.50478778103776,"2021.01.05_masterSPECsalmonshedTANKdata.xlsx","Tank_5",1945.75915,12.4,7.67256262911774,"2018-10-09",12.4,1910.69499958183
"Juvenile","Tank",5,"NA","NA","NA","0.45833333333333331",2018-10-09,28.27,7.52138624497184,"2021.01.05_masterSPECsalmonshedTANKdata.xlsx","Tank_5",1945.75915,12.4,7.69045949188652,"2018-10-09",12.4,1906.16444149318
"Juvenile","Tank",6,"NA","NA","NA","0.45833333333333331",2018-10-09,28.27,7.01803911654153,"2021.01.05_masterSPECsalmonshedTANKdata.xlsx","Tank_6",1945.75915,12.4,7.15016548030555,"2018-10-09",12.4,2056.41747076233
"Juvenile","Tank",6,"NA","NA","NA","0.45833333333333331",2018-10-09,28.27,7.03225908907723,"2021.01.05_masterSPECsalmonshedTANKdata.xlsx","Tank_6",1945.75915,12.4,7.16504572297224,"2018-10-09",12.4,2051.0337053265
"Juvenile","Tank",5,"NA","NA","NA","0.45833333333333331",2018-10-24,30.79,7.51806198609256,"2021.01.05_masterSPECsalmonshedTANKdata.xlsx","Tank_5",2072.62855,12.4,7.68836458589996,"2018-10-24",12.4,2024.91425568289
"Juvenile","Tank",6,"NA","NA","NA","0.45833333333333331",2018-10-24,30.79,6.92676685304784,"2021.01.05_masterSPECsalmonshedTANKdata.xlsx","Tank_6",2072.62855,12.4,7.0560064623012,"2018-10-24",12.4,2224.13515412522
"Juvenile","Tank",4,"NA","NA","NA","0.45833333333333331",2018-10-24,30.79,6.9854121642709,"2021.01.05_masterSPECsalmonshedTANKdata.xlsx","Tank_4",2072.62855,12.4,7.1169812135268,"2018-10-24",12.4,2198.00731120952
"Juvenile","Tank",2,"NA","NA","NA","0.45833333333333331",2018-10-24,30.79,7.05573456131159,"2021.01.05_masterSPECsalmonshedTANKdata.xlsx","Tank_2",2072.62855,12.4,7.19072398363086,"2018-10-24",12.4,2169.79109966405
"Juvenile","Tank",4,"NA","NA","NA","0.45833333333333331",2018-10-24,30.79,6.99210516140671,"2021.01.05_masterSPECsalmonshedTANKdata.xlsx","Tank_4",2072.62855,12.4,7.1239692894559,"2018-10-24",12.4,2195.18573504555
"Juvenile","Tank",5,"NA","NA","NA","0.45833333333333331",2018-10-24,30.79,7.50769459129523,"2021.01.05_masterSPECsalmonshedTANKdata.xlsx","Tank_5",2072.62855,12.4,7.67720993850894,"2018-10-24",12.4,2028.00141073278
"Juvenile","Tank",6,"NA","NA","NA","0.45833333333333331",2018-10-24,30.79,6.96309875920728,"2021.01.05_masterSPECsalmonshedTANKdata.xlsx","Tank_6",2072.62855,12.4,7.09372830233807,"2018-10-24",12.4,2207.64233291322
"Juvenile","Tank",2,"NA","NA","NA","0.45833333333333331",2018-10-24,30.79,7.06175575294229,"2021.01.05_masterSPECsalmonshedTANKdata.xlsx","Tank_2",2072.62855,12.4,7.19707175682843,"2018-10-24",12.4,2167.5110056313
"Juvenile","Tank",1,"NA","NA","NA","0.45833333333333331",2018-10-24,30.79,7.52459970919718,"2021.01.05_masterSPECsalmonshedTANKdata.xlsx","Tank_1",2072.62855,12.4,7.69539234732418,"2018-10-24",12.4,2022.96006608927
"Juvenile","Tank",3,"NA","NA","NA","0.45833333333333331",2018-10-24,30.79,7.50391671219196,"2021.01.05_masterSPECsalmonshedTANKdata.xlsx","Tank_3",2072.62855,12.4,7.67314217437809,"2018-10-24",12.4,2029.12300127509
"Juvenile","Tank",3,"NA","NA","NA","0.45833333333333331",2018-10-24,30.79,7.51606904497184,"2021.01.05_masterSPECsalmonshedTANKdata.xlsx","Tank_3",2072.62855,12.4,7.68622126643365,"2018-10-24",12.4,2025.50879656985
"Juvenile","Tank",1,"NA","NA","NA","0.45833333333333331",2018-10-24,30.79,7.51522466785082,"2021.01.05_masterSPECsalmonshedTANKdata.xlsx","Tank_1",2072.62855,12.4,7.68531303770316,"2018-10-24",12.4,2025.76053368305
"Juvenile","Tank",1,"NA","NA","NA","0.45833333333333331",2018-11-07,30.59,7.52712674051446,"2021.01.05_masterSPECsalmonshedTANKdata.xlsx","Tank_1",2062.55955,11.6,7.70938598929201,"2018-11-07",11.6,2012.88933050786
"Juvenile","Tank",1,"NA","NA","NA","0.45833333333333331",2018-11-07,30.59,7.51488404845657,"2021.01.05_masterSPECsalmonshedTANKdata.xlsx","Tank_1",2062.55955,11.6,7.69617154641922,"2018-11-07",11.6,2016.52341127559
"Juvenile","Tank",2,"NA","NA","NA","0.45833333333333331",2018-11-07,30.59,7.02146058892108,"2021.01.05_masterSPECsalmonshedTANKdata.xlsx","Tank_2",2062.55955,11.8,7.16157225263179,"2018-11-07",11.8,2173.00301918425
"Juvenile","Tank",2,"NA","NA","NA","0.45833333333333331",2018-11-07,30.59,7.01314391654153,"2021.01.05_masterSPECsalmonshedTANKdata.xlsx","Tank_2",2062.55955,11.8,7.15284108522899,"2018-11-07",11.8,2176.34035298069
"Juvenile","Tank",3,"NA","NA","NA","0.45833333333333331",2018-11-07,30.59,7.51336261325319,"2021.01.05_masterSPECsalmonshedTANKdata.xlsx","Tank_3",2062.55955,11.6,7.69452805951744,"2018-11-07",11.6,2016.97362910878
"Juvenile","Tank",3,"NA","NA","NA","0.45833333333333331",2018-11-07,30.59,7.51564666785082,"2021.01.05_masterSPECsalmonshedTANKdata.xlsx","Tank_3",2062.55955,11.6,7.69699523860857,"2018-11-07",11.6,2016.29762703253
"Juvenile","Tank",4,"NA","NA","NA","0.45833333333333331",2018-11-07,30.59,7.02020443099218,"2021.01.05_masterSPECsalmonshedTANKdata.xlsx","Tank_4",2062.55955,11.8,7.16025282138194,"2018-11-07",11.8,2173.50433166525
"Juvenile","Tank",4,"NA","NA","NA","0.45833333333333331",2018-11-07,30.59,7.04199213503676,"2021.01.05_masterSPECsalmonshedTANKdata.xlsx","Tank_4",2062.55955,11.8,7.1831720262511,"2018-11-07",11.8,2164.94407188788
"Juvenile","Tank",5,"NA","NA","NA","0.45833333333333331",2018-11-07,30.59,7.52582341452324,"2021.01.05_masterSPECsalmonshedTANKdata.xlsx","Tank_5",2062.55955,73.7,6.97077416515878,"2018-11-07",73.7,2013.27719329958
"Juvenile","Tank",5,"NA","NA","NA","0.45833333333333331",2018-11-07,30.59,7.52018998307248,"2021.01.05_masterSPECsalmonshedTANKdata.xlsx","Tank_5",2062.55955,73.7,6.96716211396158,"2018-11-07",73.7,2014.95092456651
"Juvenile","Tank",6,"NA","NA","NA","0.45833333333333331",2018-11-07,30.59,6.96158281206733,"2021.01.05_masterSPECsalmonshedTANKdata.xlsx","Tank_6",2062.55955,11.8,7.09893624411408,"2018-11-07",11.8,2198.05637644651
"Juvenile","Tank",6,"NA","NA","NA","0.45833333333333331",2018-11-07,30.59,6.90391933196722,"2021.01.05_masterSPECsalmonshedTANKdata.xlsx","Tank_6",2062.55955,11.8,7.03908151280247,"2018-11-07",11.8,2224.71091847801
"Juvenile","Tank",1,"NA","NA","NA","0.45833333333333331",2018-11-14,29.68,7.54612644770097,"2021.01.05_masterSPECsalmonshedTANKdata.xlsx","Tank_1",2016.7456,11.7,7.7278936776298,"2018-11-14",11.7,1964.96191951339
"Juvenile","Tank",1,"NA","NA","NA","0.45833333333333331",2018-11-14,29.68,7.5201835083909,"2021.01.05_masterSPECsalmonshedTANKdata.xlsx","Tank_1",2016.7456,11.7,7.69992045307869,"2018-11-14",11.7,1972.46743513185
"Juvenile","Tank",2,"NA","NA","NA","0.45833333333333331",2018-11-14,29.68,7.00948485681107,"2021.01.05_masterSPECsalmonshedTANKdata.xlsx","Tank_2",2016.7456,11.2,7.15563772549941,"2018-11-14",11.2,2131.50908130183
"Juvenile","Tank",2,"NA","NA","NA","0.45833333333333331",2018-11-14,29.68,7.06301507532481,"2021.01.05_masterSPECsalmonshedTANKdata.xlsx","Tank_2",2016.7456,11.2,7.21203916624558,"2018-11-14",11.2,2111.00629461439
"Juvenile","Tank",3,"NA","NA","NA","0.45833333333333331",2018-11-14,29.68,7.5103385470686,"2021.01.05_masterSPECsalmonshedTANKdata.xlsx","Tank_3",2016.7456,11.7,7.68928353072746,"2018-11-14",11.7,1975.29265176628
"Juvenile","Tank",3,"NA","NA","NA","0.45833333333333331",2018-11-14,29.68,7.52728637009386,"2021.01.05_masterSPECsalmonshedTANKdata.xlsx","Tank_3",2016.7456,11.7,7.70758752859328,"2018-11-14",11.7,1970.42168752881
"Juvenile","Tank",4,"NA","NA","NA","0.45833333333333331",2018-11-14,29.68,6.86612913429992,"2021.01.05_masterSPECsalmonshedTANKdata.xlsx","Tank_4",2016.7456,11.3,7.0055037567605,"2018-11-14",11.3,2196.35470372956
"Juvenile","Tank",4,"NA","NA","NA","0.45833333333333331",2018-11-14,29.68,6.92123921273299,"2021.01.05_masterSPECsalmonshedTANKdata.xlsx","Tank_4",2016.7456,11.3,7.06245267804054,"2018-11-14",11.3,2169.45535803372
"Juvenile","Tank",5,"NA","NA","NA","0.45833333333333331",2018-11-14,29.68,7.51343002595652,"2021.01.05_masterSPECsalmonshedTANKdata.xlsx","Tank_5",2016.7456,72.3,6.98092115760223,"2018-11-14",72.3,1974.40672162043
"Juvenile","Tank",5,"NA","NA","NA","0.45833333333333331",2018-11-14,29.68,7.52974891787208,"2021.01.05_masterSPECsalmonshedTANKdata.xlsx","Tank_5",2016.7456,72.3,6.99151219314619,"2018-11-14",72.3,1969.71088945472
"Juvenile","Tank",6,"NA","NA","NA","0.45833333333333331",2018-11-14,29.68,6.90942327379704,"2021.01.05_masterSPECsalmonshedTANKdata.xlsx","Tank_6",2016.7456,11.3,7.0502116618867,"2018-11-14",11.3,2174.99487856136
"Juvenile","Tank",6,"NA","NA","NA","0.45833333333333331",2018-11-14,29.68,6.9258543653535,"2021.01.05_masterSPECsalmonshedTANKdata.xlsx","Tank_6",2016.7456,11.3,7.06723867017928,"2018-11-14",11.3,2167.32358105968
"Juvenile","Tank",1,"NA","NA","NA","0.45833333333333331",2018-11-21,30.79,7.51294061325319,"2021.01.05_masterSPECsalmonshedTANKdata.xlsx","Tank_1",2072.62855,11.3,7.69846238690816,"2018-11-21",11.3,2026.44101595374
"Juvenile","Tank",1,"NA","NA","NA","0.45833333333333331",2018-11-21,30.79,7.51522466785082,"2021.01.05_masterSPECsalmonshedTANKdata.xlsx","Tank_1",2072.62855,11.3,7.70093281959276,"2018-11-21",11.3,2025.76053368305
"Juvenile","Tank",2,"NA","NA","NA","0.45833333333333331",2018-11-21,30.79,7.02103858892108,"2021.01.05_masterSPECsalmonshedTANKdata.xlsx","Tank_2",2072.62855,11.4,7.1658776168087,"2018-11-21",11.4,2183.33010844896
"Juvenile","Tank",2,"NA","NA","NA","0.45833333333333331",2018-11-21,30.79,7.06470652031857,"2021.01.05_masterSPECsalmonshedTANKdata.xlsx","Tank_2",2072.62855,11.4,7.21196309206164,"2018-11-21",11.4,2166.40073739961
"Juvenile","Tank",3,"NA","NA","NA","0.45833333333333331",2018-11-21,30.79,7.51875669379294,"2021.01.05_masterSPECsalmonshedTANKdata.xlsx","Tank_3",2072.62855,11.3,7.70475177153055,"2018-11-21",11.3,2024.70688192393
"Juvenile","Tank",3,"NA","NA","NA","0.45833333333333331",2018-11-21,30.79,7.50815584011833,"2021.01.05_masterSPECsalmonshedTANKdata.xlsx","Tank_3",2072.62855,11.3,7.69328509085619,"2018-11-21",11.3,2027.86435405056
"Juvenile","Tank",4,"NA","NA","NA","0.45833333333333331",2018-11-21,30.79,7.10079296563234,"2021.01.05_masterSPECsalmonshedTANKdata.xlsx","Tank_4",2072.62855,11.4,7.25027822677029,"2018-11-21",11.4,2153.18149639374
"Juvenile","Tank",4,"NA","NA","NA","0.45833333333333331",2018-11-21,30.79,7.13181345536303,"2021.01.05_masterSPECsalmonshedTANKdata.xlsx","Tank_4",2072.62855,11.4,7.28338200841478,"2018-11-21",11.4,2142.30310532342
"Juvenile","Tank",5,"NA","NA","NA","0.45833333333333331",2018-11-21,30.79,7.49947058103776,"2021.01.05_masterSPECsalmonshedTANKdata.xlsx","Tank_5",2072.62855,84,6.85228637646484,"2018-11-21",84,2030.44081400161
"Juvenile","Tank",5,"NA","NA","NA","0.45833333333333331",2018-11-21,30.79,7.53524714841244,"2021.01.05_masterSPECsalmonshedTANKdata.xlsx","Tank_5",2072.62855,84,6.87241993776242,"2018-11-21",84,2019.76417856452
"Juvenile","Tank",6,"NA","NA","NA","0.45833333333333331",2018-11-21,30.79,7.17713938087733,"2021.01.05_masterSPECsalmonshedTANKdata.xlsx","Tank_6",2072.62855,11.4,7.3320214337509,"2018-11-21",11.4,2127.09909730726
"Juvenile","Tank",6,"NA","NA","NA","0.45833333333333331",2018-11-21,30.79,7.19793425661938,"2021.01.05_masterSPECsalmonshedTANKdata.xlsx","Tank_6",2072.62855,11.4,7.35443720754163,"2018-11-21",11.4,2120.36057933978
"Juvenile","Tank",1,"NA","NA","NA","0.45833333333333331",2018-11-28,30.53,7.5247657682742,"2021.01.05_masterSPECsalmonshedTANKdata.xlsx","Tank_1",2059.53885,11.2,7.71251901819733,"2018-11-28",11.2,2010.7955203135
"Juvenile","Tank",1,"NA","NA","NA","0.45833333333333331",2018-11-28,30.53,7.50824319129523,"2021.01.05_masterSPECsalmonshedTANKdata.xlsx","Tank_1",2059.53885,11.2,7.69464039930003,"2018-11-28",11.2,2015.68015858093
"Juvenile","Tank",2,"NA","NA","NA","0.45833333333333331",2018-11-28,30.53,7.05628316131159,"2021.01.05_masterSPECsalmonshedTANKdata.xlsx","Tank_2",2059.53885,11.3,7.20411798818518,"2018-11-28",11.3,2156.44728175727
"Juvenile","Tank",2,"NA","NA","NA","0.45833333333333331",2018-11-28,30.53,7.04211873503676,"2021.01.05_masterSPECsalmonshedTANKdata.xlsx","Tank_2",2059.53885,11.3,7.18915476890735,"2018-11-28",11.3,2161.85724046076
"Juvenile","Tank",3,"NA","NA","NA","0.45833333333333331",2018-11-28,30.53,7.52163922781653,"2021.01.05_masterSPECsalmonshedTANKdata.xlsx","Tank_3",2059.53885,11.2,7.70913852177661,"2018-11-28",11.2,2011.72261119552
"Juvenile","Tank",3,"NA","NA","NA","0.45833333333333331",2018-11-28,30.53,7.51930529379294,"2021.01.05_masterSPECsalmonshedTANKdata.xlsx","Tank_3",2059.53885,11.2,7.70661419514453,"2018-11-28",11.2,2012.41380316884
"Juvenile","Tank",4,"NA","NA","NA","0.45833333333333331",2018-11-28,30.53,6.94224772237534,"2021.01.05_masterSPECsalmonshedTANKdata.xlsx","Tank_4",2059.53885,11.3,7.08452873908152,"2018-11-28",11.3,2203.60920175013
"Juvenile","Tank",4,"NA","NA","NA","0.45833333333333331",2018-11-28,30.53,6.98242624122217,"2021.01.05_masterSPECsalmonshedTANKdata.xlsx","Tank_4",2059.53885,11.3,7.12644186518258,"2018-11-28",11.3,2185.98997055824
"Juvenile","Tank",5,"NA","NA","NA","0.45833333333333331",2018-11-28,30.53,7.5197980178675,"2021.01.05_masterSPECsalmonshedTANKdata.xlsx","Tank_5",2059.53885,0,7.87516091131023,"2018-11-28",0,2012.26794474581
"Juvenile","Tank",5,"NA","NA","NA","0.45833333333333331",2018-11-28,30.53,7.51095296737821,"2021.01.05_masterSPECsalmonshedTANKdata.xlsx","Tank_5",2059.53885,0,7.86520979526306,"2018-11-28",0,2014.8814614782
"Juvenile","Tank",6,"NA","NA","NA","0.45833333333333331",2018-11-28,30.53,7.11731392206606,"2021.01.05_masterSPECsalmonshedTANKdata.xlsx","Tank_6",2059.53885,11.3,7.26896224320954,"2018-11-28",11.3,2134.32230983327
"Juvenile","Tank",6,"NA","NA","NA","0.45833333333333331",2018-11-28,30.53,7.11603405214169,"2021.01.05_masterSPECsalmonshedTANKdata.xlsx","Tank_6",2059.53885,11.3,7.26759619785751,"2018-11-28",11.3,2134.76830103879
"Juvenile","Tank",1,"NA","NA","NA","0.45833333333333331",2018-12-04,30.53,7.52008279072764,"2021.01.05_masterSPECsalmonshedTANKdata.xlsx","Tank_1",2059.53885,10.9,7.71174636135363,"2018-12-04",10.9,2012.18363010245
"Juvenile","Tank",1,"NA","NA","NA","0.45833333333333331",2018-12-04,30.53,7.51275088103017,"2021.01.05_masterSPECsalmonshedTANKdata.xlsx","Tank_1",2059.53885,10.9,7.70380120400765,"2018-12-04",10.9,2014.35103086496
"Juvenile","Tank",2,"NA","NA","NA","0.45833333333333331",2018-12-04,30.53,7.02461463812568,"2021.01.05_masterSPECsalmonshedTANKdata.xlsx","Tank_2",2059.53885,10.7,7.17777760784369,"2018-12-04",10.7,2168.70248132392
"Juvenile","Tank",2,"NA","NA","NA","0.45833333333333331",2018-12-04,30.53,7.01492307090083,"2021.01.05_masterSPECsalmonshedTANKdata.xlsx","Tank_2",2059.53885,10.7,7.16756645411087,"2018-12-04",10.7,2172.57212798135
"Juvenile","Tank",3,"NA","NA","NA","0.45833333333333331",2018-12-04,30.53,7.50319057983003,"2021.01.05_masterSPECsalmonshedTANKdata.xlsx","Tank_3",2059.53885,10.9,7.69343111925165,"2018-12-04",10.9,2017.16704337669
"Juvenile","Tank",3,"NA","NA","NA","0.45833333333333331",2018-12-04,30.53,7.50001918103776,"2021.01.05_masterSPECsalmonshedTANKdata.xlsx","Tank_3",2059.53885,10.9,7.68998863168999,"2018-12-04",10.9,2018.09881405048
"Juvenile","Tank",4,"NA","NA","NA","0.45833333333333331",2018-12-04,30.53,7.58486421848313,"2021.01.05_masterSPECsalmonshedTANKdata.xlsx","Tank_4",2059.53885,10.9,7.78162387137818,"2018-12-04",10.9,1992.66691789476
"Juvenile","Tank",4,"NA","NA","NA","0.45833333333333331",2018-12-04,30.53,7.18372767894857,"2021.01.05_masterSPECsalmonshedTANKdata.xlsx","Tank_4",2059.53885,10.9,7.34516409991922,"2018-12-04",10.9,2112.0679349506
"Juvenile","Tank",5,"NA","NA","NA","0.45833333333333331",2018-12-04,30.53,7.5163263043223,"2021.01.05_masterSPECsalmonshedTANKdata.xlsx","Tank_5",2059.53885,0,7.87125692340415,"2018-12-04",0,2013.29496944719
"Juvenile","Tank",5,"NA","NA","NA","0.45833333333333331",2018-12-04,30.53,7.52016566706075,"2021.01.05_masterSPECsalmonshedTANKdata.xlsx","Tank_5",2059.53885,0,7.87557419526318,"2018-12-04",0,2012.15909028761
"Juvenile","Tank",6,"NA","NA","NA","0.45833333333333331",2018-12-04,30.53,7.07858356097863,"2021.01.05_masterSPECsalmonshedTANKdata.xlsx","Tank_6",2059.53885,10.7,7.2349237676975,"2018-12-04",10.7,2148.149807911
"Juvenile","Tank",6,"NA","NA","NA","0.45833333333333331",2018-12-04,30.53,6.99878498843099,"2021.01.05_masterSPECsalmonshedTANKdata.xlsx","Tank_6",2059.53885,10.7,7.15059662603966,"2018-12-04",10.7,2179.14787193495
"Juvenile","Tank",6,"NA","NA","NA","0.45833333333333331",2018-12-12,30.28,7.09529462231084,"2021.01.05_masterSPECsalmonshedTANKdata.xlsx","Tank_6",2046.9526,10.2,7.2586484581653,"2018-12-12",10.2,2129.54057668335
"Juvenile","Tank",6,"NA","NA","NA","0.45833333333333331",2018-12-12,30.28,7.07138444226087,"2021.01.05_masterSPECsalmonshedTANKdata.xlsx","Tank_6",2046.9526,10.2,7.23316615492662,"2018-12-12",10.2,2138.19767236987
"Juvenile","Tank",3,"NA","NA","NA","0.45833333333333331",2018-12-12,30.28,7.51714514497184,"2021.01.05_masterSPECsalmonshedTANKdata.xlsx","Tank_3",2046.9526,10.1,7.71987857627655,"2018-12-12",10.1,2001.37924210027
"Juvenile","Tank",5,"NA","NA","NA","0.45833333333333331",2018-12-12,30.28,7.51553814845657,"2021.01.05_masterSPECsalmonshedTANKdata.xlsx","Tank_5",2046.9526,57.4,7.13666593427054,"2018-12-12",57.4,2001.85022927869
"Juvenile","Tank",3,"NA","NA","NA","0.45833333333333331",2018-12-12,30.28,7.53103763500562,"2021.01.05_masterSPECsalmonshedTANKdata.xlsx","Tank_3",2046.9526,10.1,7.73497910714573,"2018-12-12",10.1,1997.29322376394
"Juvenile","Tank",4,"NA","NA","NA","0.45833333333333331",2018-12-12,30.28,7.03570987137344,"2021.01.05_masterSPECsalmonshedTANKdata.xlsx","Tank_4",2046.9526,10.2,7.19533051219564,"2018-12-12",10.2,2151.67143133472
"Juvenile","Tank",5,"NA","NA","NA","0.45833333333333331",2018-12-12,30.28,7.5377568196504,"2021.01.05_masterSPECsalmonshedTANKdata.xlsx","Tank_5",2046.9526,57.4,7.15375756301626,"2018-12-12",57.4,1995.30718638759
"Juvenile","Tank",4,"NA","NA","NA","0.45833333333333331",2018-12-12,30.28,7.05770926635912,"2021.01.05_masterSPECsalmonshedTANKdata.xlsx","Tank_4",2046.9526,10.2,7.21863661566503,"2018-12-12",10.2,2143.28012804009
"Juvenile","Tank",2,"NA","NA","NA","0.45833333333333331",2018-12-12,30.28,7.05872962539451,"2021.01.05_masterSPECsalmonshedTANKdata.xlsx","Tank_2",2046.9526,10.2,7.21971960219579,"2018-12-12",10.2,2142.89746287568
"Juvenile","Tank",1,"NA","NA","NA","0.45833333333333331",2018-12-12,30.28,7.52084408307248,"2021.01.05_masterSPECsalmonshedTANKdata.xlsx","Tank_1",2046.9526,10.1,7.72390175310238,"2018-12-12",10.1,2000.29386967277
"Juvenile","Tank",2,"NA","NA","NA","0.45833333333333331",2018-12-12,30.28,7.10937080776873,"2021.01.05_masterSPECsalmonshedTANKdata.xlsx","Tank_2",2046.9526,10.2,7.27369687724225,"2018-12-12",10.2,2124.57191085932
"Juvenile","Tank",1,"NA","NA","NA","0.45833333333333331",2018-12-12,30.28,7.52778084051446,"2021.01.05_masterSPECsalmonshedTANKdata.xlsx","Tank_1",2046.9526,10.1,7.73144151569378,"2018-12-12",10.1,1998.25348994187
"Juvenile","Tank",1,"NA","NA","NA","0.45833333333333331",2018-12-20,30.44,7.49692593215708,"2021.01.05_masterSPECsalmonshedTANKdata.xlsx","Tank_1",2055.0078,10.3,7.69510967345363,"2018-12-20",10.3,2014.78652656096
"Juvenile","Tank",1,"NA","NA","NA","0.45833333333333331",2018-12-20,30.44,7.4942912163737,"2021.01.05_masterSPECsalmonshedTANKdata.xlsx","Tank_1",2055.0078,10.3,7.69223927122327,"2018-12-20",10.3,2015.55655566267
"Juvenile","Tank",2,"NA","NA","NA","0.45833333333333331",2018-12-20,30.44,7.02480453812568,"2021.01.05_masterSPECsalmonshedTANKdata.xlsx","Tank_2",2055.0078,10.4,7.18149731265513,"2018-12-20",10.4,2164.05812847035
"Juvenile","Tank",2,"NA","NA","NA","0.45833333333333331",2018-12-20,30.44,6.99562500082861,"2021.01.05_masterSPECsalmonshedTANKdata.xlsx","Tank_2",2055.0078,10.4,7.15077509253571,"2018-12-20",10.4,2175.86564975716
"Juvenile","Tank",3,"NA","NA","NA","0.45833333333333331",2018-12-20,30.44,7.5069921789321,"2021.01.05_masterSPECsalmonshedTANKdata.xlsx","Tank_3",2055.0078,10.3,7.70606853117016,"2018-12-20",10.3,2011.83753775015
"Juvenile","Tank",3,"NA","NA","NA","0.45833333333333331",2018-12-20,30.44,7.49718258589864,"2021.01.05_masterSPECsalmonshedTANKdata.xlsx","Tank_3",2055.0078,10.3,7.69538924112155,"2018-12-20",10.3,2014.71147705135
"Juvenile","Tank",4,"NA","NA","NA","0.45833333333333331",2018-12-20,30.44,6.96871381195421,"2021.01.05_masterSPECsalmonshedTANKdata.xlsx","Tank_4",2055.0078,10.4,7.1225613997239,"2018-12-20",10.4,2187.25984838868
"Juvenile","Tank",4,"NA","NA","NA","0.45833333333333331",2018-12-20,30.44,7.01910100897071,"2021.01.05_masterSPECsalmonshedTANKdata.xlsx","Tank_4",2055.0078,10.4,7.17548130435718,"2018-12-20",10.4,2166.32370246816
"Juvenile","Tank",5,"NA","NA","NA","0.45833333333333331",2018-12-20,30.44,7.50338047983002,"2021.01.05_masterSPECsalmonshedTANKdata.xlsx","Tank_5",2055.0078,10.3,7.70213802434792,"2018-12-20",10.3,2012.89693250539
"Juvenile","Tank",5,"NA","NA","NA","0.45833333333333331",2018-12-20,30.44,7.4812487117158,"2021.01.05_masterSPECsalmonshedTANKdata.xlsx","Tank_5",2055.0078,10.3,7.67801806948503,"2018-12-20",10.3,2019.35823738924
"Juvenile","Tank",6,"NA","NA","NA","0.45833333333333331",2018-12-20,30.44,6.91768620969553,"2021.01.05_masterSPECsalmonshedTANKdata.xlsx","Tank_6",2055.0078,10.4,7.0693608286695,"2018-12-20",10.4,2210.35244493038
"Juvenile","Tank",6,"NA","NA","NA","0.45833333333333331",2018-12-20,30.44,6.92909337422831,"2021.01.05_masterSPECsalmonshedTANKdata.xlsx","Tank_6",2055.0078,10.4,7.0812215911148,"2018-12-20",10.4,2205.00942953639
"Juvenile","Tank",6,"NA","NA","NA","0.45833333333333331",2019-02-06,28.27,6.9131694644383,"2021.01.05_masterSPECsalmonshedTANKdata.xlsx","Tank_6",1945.75915,8.8,7.08274088044834,"2019-02-06",8.8,2100.34790597813
"Juvenile","Tank",2,"NA","NA","NA","0.45833333333333331",2019-02-06,28.27,6.99838561899028,"2021.01.05_masterSPECsalmonshedTANKdata.xlsx","Tank_2",1945.75915,8.9,7.17064131170632,"2019-02-06",8.9,2064.06391904327
"Juvenile","Tank",3,"NA","NA","NA","0.45833333333333331",2019-02-06,28.27,7.50899247436048,"2021.01.05_masterSPECsalmonshedTANKdata.xlsx","Tank_3",1945.75915,8.7,7.72966795549707,"2019-02-06",8.7,1909.5498848072
"Juvenile","Tank",6,"NA","NA","NA","0.45833333333333331",2019-02-06,28.27,7.00420324296861,"2021.01.05_masterSPECsalmonshedTANKdata.xlsx","Tank_6",1945.75915,8.8,7.17797013576384,"2019-02-06",8.8,2061.77489327107
"Juvenile","Tank",2,"NA","NA","NA","0.45833333333333331",2019-02-06,28.27,7.06828587933639,"2021.01.05_masterSPECsalmonshedTANKdata.xlsx","Tank_2",1945.75915,8.9,7.2446199229805,"2019-02-06",8.9,2037.91142494623
"Juvenile","Tank",5,"NA","NA","NA","0.45833333333333331",2019-02-06,28.27,7.51259706431663,"2021.01.05_masterSPECsalmonshedTANKdata.xlsx","Tank_5",1945.75915,8.7,7.73362627477362,"2019-02-06",8.7,1908.56686736399
"Juvenile","Tank",1,"NA","NA","NA","0.45833333333333331",2019-02-06,28.27,7.52138624497184,"2021.01.05_masterSPECsalmonshedTANKdata.xlsx","Tank_1",1945.75915,8.7,7.74327067879773,"2019-02-06",8.7,1906.16444149318
"Juvenile","Tank",1,"NA","NA","NA","0.45833333333333331",2019-02-06,28.27,7.52746328732959,"2021.01.05_masterSPECsalmonshedTANKdata.xlsx","Tank_1",1945.75915,8.7,7.74993280886997,"2019-02-06",8.7,1904.4984759597
"Juvenile","Tank",3,"NA","NA","NA","0.45833333333333331",2019-02-06,28.27,7.53071861452324,"2021.01.05_masterSPECsalmonshedTANKdata.xlsx","Tank_3",1945.75915,8.7,7.75349939734406,"2019-02-06",8.7,1903.60431816453
"Juvenile","Tank",5,"NA","NA","NA","0.45833333333333331",2019-02-06,28.27,7.51977924845657,"2021.01.05_masterSPECsalmonshedTANKdata.xlsx","Tank_5",1945.75915,8.7,7.74150810135208,"2019-02-06",8.7,1906.6043025392
"Juvenile","Tank",4,"NA","NA","NA","0.45833333333333331",2019-02-06,28.27,6.99742236140671,"2021.01.05_masterSPECsalmonshedTANKdata.xlsx","Tank_4",1945.75915,8.8,7.17083072335365,"2019-02-06",8.8,2064.44504964215
"Juvenile","Tank",4,"NA","NA","NA","0.45833333333333331",2019-02-06,28.27,7.00420324296861,"2021.01.05_masterSPECsalmonshedTANKdata.xlsx","Tank_4",1945.75915,8.8,7.17797013576384,"2019-02-06",8.8,2061.77489327107
"Juvenile","Tank",1,"NA","NA","NA","0.45833333333333331",2019-02-12,29.88,7.5201429131763,"2021.01.05_masterSPECsalmonshedTANKdata.xlsx","Tank_1",2026.8146,8.7,7.74311312280554,"2019-02-12",8.7,1981.82280920312
"Juvenile","Tank",1,"NA","NA","NA","0.45833333333333331",2019-02-12,29.88,7.51448114371225,"2021.01.05_masterSPECsalmonshedTANKdata.xlsx","Tank_1",2026.8146,8.7,7.73691162922515,"2019-02-12",8.7,1983.46022702328
"Juvenile","Tank",2,"NA","NA","NA","0.45833333333333331",2019-02-12,29.88,7.06259307532481,"2021.01.05_masterSPECsalmonshedTANKdata.xlsx","Tank_2",2026.8146,8.9,7.23940327409498,"2019-02-12",8.9,2121.25989365293
"Juvenile","Tank",2,"NA","NA","NA","0.45833333333333331",2019-02-12,29.88,7.07695563817072,"2021.01.05_masterSPECsalmonshedTANKdata.xlsx","Tank_2",2026.8146,8.9,7.25473302429871,"2019-02-12",8.9,2116.0051631259
"Juvenile","Tank",3,"NA","NA","NA","0.45833333333333331",2019-02-12,29.88,7.52204917133582,"2021.01.05_masterSPECsalmonshedTANKdata.xlsx","Tank_3",2026.8146,8.7,7.74520005097679,"2019-02-12",8.7,1981.27060251406
"Juvenile","Tank",3,"NA","NA","NA","0.45833333333333331",2019-02-12,29.88,7.54184292078039,"2021.01.05_masterSPECsalmonshedTANKdata.xlsx","Tank_3",2026.8146,8.7,7.76683743597625,"2019-02-12",8.7,1975.5075341341
"Juvenile","Tank",4,"NA","NA","NA","0.45833333333333331",2019-02-12,29.88,7.0159793872023,"2021.01.05_masterSPECsalmonshedTANKdata.xlsx","Tank_4",2026.8146,8.8,7.19112491719381,"2019-02-12",8.8,2139.10038896279
"Juvenile","Tank",4,"NA","NA","NA","0.45833333333333331",2019-02-12,29.88,7.0159793872023,"2021.01.05_masterSPECsalmonshedTANKdata.xlsx","Tank_4",2026.8146,8.8,7.19112491719381,"2019-02-12",8.8,2139.10038896279
"Juvenile","Tank",5,"NA","NA","NA","0.45833333333333331",2019-02-12,29.88,7.5334609026976,"2021.01.05_masterSPECsalmonshedTANKdata.xlsx","Tank_5",2026.8146,8.7,7.757682019632,"2019-02-12",8.7,1977.95475266712
"Juvenile","Tank",5,"NA","NA","NA","0.45833333333333331",2019-02-12,29.88,7.53204938278615,"2021.01.05_masterSPECsalmonshedTANKdata.xlsx","Tank_5",2026.8146,8.7,7.75613919024727,"2019-02-12",8.7,1978.36585994993
"Juvenile","Tank",6,"NA","NA","NA","0.45833333333333331",2019-02-12,29.88,6.86570713429992,"2021.01.05_masterSPECsalmonshedTANKdata.xlsx","Tank_6",2026.8146,8.6,7.03637454308576,"2019-02-12",8.6,2206.98863314119
"Juvenile","Tank",6,"NA","NA","NA","0.45833333333333331",2019-02-12,29.88,6.93667503077416,"2021.01.05_masterSPECsalmonshedTANKdata.xlsx","Tank_6",2026.8146,8.6,7.1101662419307,"2019-02-12",8.6,2172.69014050598
"Juvenile","Tank",1,"NA","NA","NA","0.45833333333333331",2019-02-21,29.68,7.54979095037002,"2021.01.05_masterSPECsalmonshedTANKdata.xlsx","Tank_1",2016.7456,7.5,7.79307496952008,"2019-02-21",7.5,1963.89385190851
"Juvenile","Tank",1,"NA","NA","NA","0.45833333333333331",2019-02-21,29.68,7.54410765854292,"2021.01.05_masterSPECsalmonshedTANKdata.xlsx","Tank_1",2016.7456,7.5,7.78684261607197,"2019-02-21",7.5,1965.54943579613
"Juvenile","Tank",2,"NA","NA","NA","0.45833333333333331",2019-02-21,29.68,7.11323956083288,"2021.01.05_masterSPECsalmonshedTANKdata.xlsx","Tank_2",2016.7456,8.6,7.29724976217425,"2019-02-21",8.6,2093.16059369883
"Juvenile","Tank",2,"NA","NA","NA","0.45833333333333331",2019-02-21,29.68,7.08904728736948,"2021.01.05_masterSPECsalmonshedTANKdata.xlsx","Tank_2",2016.7456,8.6,7.27126560891409,"2019-02-21",8.6,2101.60414929796
"Juvenile","Tank",3,"NA","NA","NA","0.45833333333333331",2019-02-21,29.68,7.53260691638363,"2021.01.05_masterSPECsalmonshedTANKdata.xlsx","Tank_3",2016.7456,7.5,7.77421419786459,"2019-02-21",7.5,1968.88491624828
"Juvenile","Tank",3,"NA","NA","NA","0.45833333333333331",2019-02-21,29.68,7.53626209573106,"2021.01.05_masterSPECsalmonshedTANKdata.xlsx","Tank_3",2016.7456,7.5,7.77823015091558,"2019-02-21",7.5,1967.82690019989
"Juvenile","Tank",4,"NA","NA","NA","0.45833333333333331",2019-02-21,29.68,6.93709703077416,"2021.01.05_masterSPECsalmonshedTANKdata.xlsx","Tank_4",2016.7456,8.5,7.1117325904552,"2019-02-21",8.5,2162.20348091207
"Juvenile","Tank",4,"NA","NA","NA","0.45833333333333331",2019-02-21,29.68,7.0164013872023,"2021.01.05_masterSPECsalmonshedTANKdata.xlsx","Tank_4",2016.7456,8.5,7.19512388149739,"2019-02-21",8.5,2128.76383012771
"Juvenile","Tank",5,"NA","NA","NA","0.45833333333333331",2019-02-21,29.68,7.53513828953384,"2021.01.05_masterSPECsalmonshedTANKdata.xlsx","Tank_5",2016.7456,7.5,7.77699565599954,"2019-02-21",7.5,1968.15239397478
"Juvenile","Tank",5,"NA","NA","NA","0.45833333333333331",2019-02-21,29.68,7.53513828953384,"2021.01.05_masterSPECsalmonshedTANKdata.xlsx","Tank_5",2016.7456,7.5,7.77699565599954,"2019-02-21",7.5,1968.15239397478
"Juvenile","Tank",6,"NA","NA","NA","0.45833333333333331",2019-02-21,29.68,6.88208149187447,"2021.01.05_masterSPECsalmonshedTANKdata.xlsx","Tank_6",2016.7456,8.7,7.05209471153076,"2019-02-21",8.7,2188.2828064255
"Juvenile","Tank",6,"NA","NA","NA","0.45833333333333331",2019-02-21,29.68,7.00396567862171,"2021.01.05_masterSPECsalmonshedTANKdata.xlsx","Tank_6",2016.7456,8.7,7.17955149057785,"2019-02-21",8.7,2133.72153884892
"Juvenile","Tank",1,"NA","NA","NA","0.45833333333333331",2019-02-27,29.68,7.50831113512339,"2021.01.05_masterSPECsalmonshedTANKdata.xlsx","Tank_1",2016.7456,8.4,7.73434983831301,"2019-02-27",8.4,1975.87306065951
"Juvenile","Tank",1,"NA","NA","NA","0.45833333333333331",2019-02-27,29.68,7.52247117133582,"2021.01.05_masterSPECsalmonshedTANKdata.xlsx","Tank_1",2016.7456,8.4,7.74988795302287,"2019-02-27",8.4,1971.80925412606
"Juvenile","Tank",2,"NA","NA","NA","0.45833333333333331",2019-02-27,29.68,7.13763129568483,"2021.01.05_masterSPECsalmonshedTANKdata.xlsx","Tank_2",2016.7456,8.4,7.32607915181784,"2019-02-27",8.4,2084.90789431684
"Juvenile","Tank",2,"NA","NA","NA","0.45833333333333331",2019-02-27,29.68,7.13368003015463,"2021.01.05_masterSPECsalmonshedTANKdata.xlsx","Tank_2",2016.7456,8.4,7.32180603595279,"2019-02-27",8.4,2086.22805780947
"Juvenile","Tank",3,"NA","NA","NA","0.45833333333333331",2019-02-27,29.68,7.53142861865529,"2021.01.05_masterSPECsalmonshedTANKdata.xlsx","Tank_3",2016.7456,8.4,7.75970182148788,"2019-02-27",8.4,1969.22558481812
"Juvenile","Tank",3,"NA","NA","NA","0.45833333333333331",2019-02-27,29.68,7.50831113512339,"2021.01.05_masterSPECsalmonshedTANKdata.xlsx","Tank_3",2016.7456,8.4,7.73434983831301,"2019-02-27",8.4,1975.87306065951
"Juvenile","Tank",4,"NA","NA","NA","0.45833333333333331",2019-02-27,29.68,6.99622307969288,"2021.01.05_masterSPECsalmonshedTANKdata.xlsx","Tank_4",2016.7456,8.5,7.17380351493561,"2019-02-27",8.5,2136.85867323589
"Juvenile","Tank",4,"NA","NA","NA","0.45833333333333331",2019-02-27,29.68,6.9877542642709,"2021.01.05_masterSPECsalmonshedTANKdata.xlsx","Tank_4",2016.7456,8.5,7.16487681316518,"2019-02-27",8.5,2140.335735623
"Juvenile","Tank",5,"NA","NA","NA","0.45833333333333331",2019-02-27,29.68,7.51139352420837,"2021.01.05_masterSPECsalmonshedTANKdata.xlsx","Tank_5",2016.7456,8.4,7.73773466750551,"2019-02-27",8.4,1974.99044862762
"Juvenile","Tank",5,"NA","NA","NA","0.45833333333333331",2019-02-27,29.68,7.51666040047596,"2021.01.05_masterSPECsalmonshedTANKdata.xlsx","Tank_5",2016.7456,8.4,7.74351518660306,"2019-02-27",8.4,1973.47979455901
"Juvenile","Tank",6,"NA","NA","NA","0.45833333333333331",2019-02-27,29.68,6.97394005747406,"2021.01.05_masterSPECsalmonshedTANKdata.xlsx","Tank_6",2016.7456,8.5,7.150342235043,"2019-02-27",8.5,2146.11318959053
"Juvenile","Tank",6,"NA","NA","NA","0.45833333333333331",2019-02-27,29.68,6.93709703077416,"2021.01.05_masterSPECsalmonshedTANKdata.xlsx","Tank_6",2016.7456,8.5,7.1117325904552,"2019-02-27",8.5,2162.20348091207
"Juvenile","Tank",5,"NA","NA","NA","0.45833333333333331",2019-03-08,29.5,7.54927225852503,"2021.01.05_masterSPECsalmonshedTANKdata.xlsx","Tank_5",2007.6835,7.9,7.78645620389349,"2019-03-08",7.9,1955.68599887618
"Juvenile","Tank",5,"NA","NA","NA","0.45833333333333331",2019-03-08,29.5,7.54575020660783,"2021.01.05_masterSPECsalmonshedTANKdata.xlsx","Tank_5",2007.6835,7.9,7.78259977663477,"2019-03-08",7.9,1956.70576901614
"Juvenile","Tank",4,"NA","NA","NA","0.45833333333333331",2019-03-08,29.5,6.81962799155637,"2021.01.05_masterSPECsalmonshedTANKdata.xlsx","Tank_4",2007.6835,8.1,6.99462783528279,"2019-03-08",8.1,2211.89231561434
"Juvenile","Tank",1,"NA","NA","NA","0.45833333333333331",2019-03-08,29.5,7.52942664051445,"2021.01.05_masterSPECsalmonshedTANKdata.xlsx","Tank_1",2007.6835,7.9,7.76470004906156,"2019-03-08",7.9,1961.4083609198
"Juvenile","Tank",2,"NA","NA","NA","0.45833333333333331",2019-03-08,29.5,6.96855811342965,"2021.01.05_masterSPECsalmonshedTANKdata.xlsx","Tank_2",2007.6835,8.1,7.14944945289514,"2019-03-08",8.1,2139.17988965604
"Juvenile","Tank",6,"NA","NA","NA","0.45833333333333331",2019-03-08,29.5,7.02376048892108,"2021.01.05_masterSPECsalmonshedTANKdata.xlsx","Tank_6",2007.6835,8.3,7.20527387356008,"2019-03-08",8.3,2116.73282650693
"Juvenile","Tank",3,"NA","NA","NA","0.45833333333333331",2019-03-08,29.5,7.54063499033017,"2021.01.05_masterSPECsalmonshedTANKdata.xlsx","Tank_3",2007.6835,7.9,7.77699528571728,"2019-03-08",7.9,1958.18349556891
"Juvenile","Tank",2,"NA","NA","NA","0.45833333333333331",2019-03-08,29.5,6.89124864448871,"2021.01.05_masterSPECsalmonshedTANKdata.xlsx","Tank_2",2007.6835,8.1,7.06869206383253,"2019-03-08",8.1,2174.41687434555
"Juvenile","Tank",4,"NA","NA","NA","0.45833333333333331",2019-03-08,29.5,6.80565558750991,"2021.01.05_masterSPECsalmonshedTANKdata.xlsx","Tank_4",2007.6835,8.1,6.98025035112222,"2019-03-08",8.1,2219.83182711318
"Juvenile","Tank",3,"NA","NA","NA","0.45833333333333331",2019-03-08,29.5,7.55432885000283,"2021.01.05_masterSPECsalmonshedTANKdata.xlsx","Tank_3",2007.6835,7.9,7.7919892280459,"2019-03-08",7.9,1954.21854409051
"Juvenile","Tank",1,"NA","NA","NA","0.45833333333333331",2019-03-08,29.5,7.54650624770097,"2021.01.05_masterSPECsalmonshedTANKdata.xlsx","Tank_1",2007.6835,7.9,7.78342776815043,"2019-03-08",7.9,1956.48702562539
"Juvenile","Tank",6,"NA","NA","NA","0.45833333333333331",2019-03-08,29.5,6.96582065920728,"2021.01.05_masterSPECsalmonshedTANKdata.xlsx","Tank_6",2007.6835,8.3,7.14415477763349,"2019-03-08",8.3,2140.34743555433
"Juvenile","Tank",1,"NA","NA","NA","0.45833333333333331",2019-03-20,29.5,7.51827379437576,"2021.01.05_masterSPECsalmonshedTANKdata.xlsx","Tank_1",2007.6835,8.5,7.74369464100348,"2019-03-20",8.5,1964.60069100569
"Juvenile","Tank",1,"NA","NA","NA","0.45833333333333331",2019-03-20,29.5,7.51794656785081,"2021.01.05_masterSPECsalmonshedTANKdata.xlsx","Tank_1",2007.6835,8.5,7.74333578527052,"2019-03-20",8.5,1964.69412109862
"Juvenile","Tank",2,"NA","NA","NA","0.45833333333333331",2019-03-20,29.5,7.02966378907723,"2021.01.05_masterSPECsalmonshedTANKdata.xlsx","Tank_2",2007.6835,8.7,7.20665200026546,"2019-03-20",8.7,2114.4479919452
"Juvenile","Tank",2,"NA","NA","NA","0.45833333333333331",2019-03-20,29.5,6.99888488123441,"2021.01.05_masterSPECsalmonshedTANKdata.xlsx","Tank_2",2007.6835,8.7,7.17411186252187,"2019-03-20",8.7,2126.59815859288
"Juvenile","Tank",3,"NA","NA","NA","0.45833333333333331",2019-03-20,29.5,7.50598525732971,"2021.01.05_masterSPECsalmonshedTANKdata.xlsx","Tank_3",2007.6835,8.5,7.73020786705029,"2019-03-20",8.5,1968.10084809933
"Juvenile","Tank",3,"NA","NA","NA","0.45833333333333331",2019-03-20,29.5,7.5089755789321,"2021.01.05_masterSPECsalmonshedTANKdata.xlsx","Tank_3",2007.6835,8.5,7.73349171879096,"2019-03-20",8.5,1967.2506681988
"Juvenile","Tank",4,"NA","NA","NA","0.45833333333333298",2019-03-20,29.5,7.00009335478601,"2021.01.05_masterSPECsalmonshedTANKdata.xlsx","Tank_4",2007.6835,8.6,7.17659612573433,"2019-03-20",8.6,2126.10973710638
"Juvenile","Tank",4,"NA","NA","NA","0.45833333333333298",2019-03-20,29.5,7.00232693689048,"2021.01.05_masterSPECsalmonshedTANKdata.xlsx","Tank_4",2007.6835,8.6,7.17895293606727,"2019-03-20",8.6,2125.20952217769
"Juvenile","Tank",5,"NA","NA","NA","0.45833333333333298",2019-03-20,29.5,7.53564905776894,"2021.01.05_masterSPECsalmonshedTANKdata.xlsx","Tank_5",2007.6835,8.5,7.76272655980537,"2019-03-20",8.5,1959.62020978696
"Juvenile","Tank",5,"NA","NA","NA","0.45833333333333298",2019-03-20,29.5,7.50580815111777,"2021.01.05_masterSPECsalmonshedTANKdata.xlsx","Tank_5",2007.6835,8.5,7.73001333757041,"2019-03-20",8.5,1968.1511711903
"Juvenile","Tank",6,"NA","NA","NA","0.45833333333333298",2019-03-20,29.5,6.91966960969553,"2021.01.05_masterSPECsalmonshedTANKdata.xlsx","Tank_6",2007.6835,8.6,7.09229005497688,"2019-03-20",8.6,2160.89203830662
"Juvenile","Tank",6,"NA","NA","NA","0.45833333333333298",2019-03-20,29.5,6.93747683077416,"2021.01.05_masterSPECsalmonshedTANKdata.xlsx","Tank_6",2007.6835,8.6,7.11086800530816,"2019-03-20",8.6,2152.76638152762
"Juvenile","Tank",1,"NA","NA","NA","0.45833333333333331",2019-03-27,29.5,7.57138700410314,"2021.01.05_masterSPECsalmonshedTANKdata.xlsx","Tank_1",2007.6835,8.4,7.80320279712032,"2019-03-27",8.4,1949.23701376222
"Juvenile","Tank",1,"NA","NA","NA","0.45833333333333331",2019-03-27,29.5,7.56792474858234,"2021.01.05_masterSPECsalmonshedTANKdata.xlsx","Tank_1",2007.6835,8.4,7.79943261646345,"2019-03-27",8.4,1950.25215185581
"Juvenile","Tank",2,"NA","NA","NA","0.45833333333333331",2019-03-27,29.5,7.15903206420735,"2021.01.05_masterSPECsalmonshedTANKdata.xlsx","Tank_2",2007.6835,8.5,7.34788425565014,"2019-03-27",8.5,2068.90425794029
"Juvenile","Tank",2,"NA","NA","NA","0.45833333333333331",2019-03-27,29.5,7.15806202841272,"2021.01.05_masterSPECsalmonshedTANKdata.xlsx","Tank_2",2007.6835,8.5,7.346831697164,"2019-03-27",8.5,2069.21856594312
"Juvenile","Tank",3,"NA","NA","NA","0.45833333333333331",2019-03-27,29.5,7.61924297356218,"2021.01.05_masterSPECsalmonshedTANKdata.xlsx","Tank_3",2007.6835,8.4,7.85510047730194,"2019-03-27",8.4,1934.9654541928
"Juvenile","Tank",3,"NA","NA","NA","0.45833333333333331",2019-03-27,29.5,7.60248006206763,"2021.01.05_masterSPECsalmonshedTANKdata.xlsx","Tank_3",2007.6835,8.4,7.83696800119387,"2019-03-27",8.4,1940.01867201481
"Juvenile","Tank",4,"NA","NA","NA","0.45833333333333331",2019-03-27,29.5,6.79404348976332,"2021.01.05_masterSPECsalmonshedTANKdata.xlsx","Tank_4",2007.6835,8.4,6.96478065421717,"2019-03-27",8.4,2226.6002683586
"Juvenile","Tank",4,"NA","NA","NA","0.45833333333333331",2019-03-27,29.5,6.90855980305674,"2021.01.05_masterSPECsalmonshedTANKdata.xlsx","Tank_4",2007.6835,8.4,7.08310680136892,"2019-03-27",8.4,2166.09525775445
"Juvenile","Tank",5,"NA","NA","NA","0.45833333333333331",2019-03-27,29.5,7.59752046547118,"2021.01.05_masterSPECsalmonshedTANKdata.xlsx","Tank_5",2007.6835,8.4,7.8315935731448,"2019-03-27",8.4,1941.50204747703
"Juvenile","Tank",5,"NA","NA","NA","0.45833333333333331",2019-03-27,29.5,7.59752046547118,"2021.01.05_masterSPECsalmonshedTANKdata.xlsx","Tank_5",2007.6835,8.4,7.8315935731448,"2019-03-27",8.4,1941.50204747703
"Juvenile","Tank",6,"NA","NA","NA","0.45833333333333331",2019-03-27,29.5,6.89466671375864,"2021.01.05_masterSPECsalmonshedTANKdata.xlsx","Tank_6",2007.6835,8.5,7.06747168848104,"2019-03-27",8.5,2172.75262674672
"Juvenile","Tank",6,"NA","NA","NA","0.45833333333333331",2019-03-27,29.5,6.81259865279672,"2021.01.05_masterSPECsalmonshedTANKdata.xlsx","Tank_6",2007.6835,8.5,6.98267060616301,"2019-03-27",8.5,2215.85909220234
"Juvenile","Tank",1,"NA","NA","NA","0.45833333333333331",2019-04-02,29.6,7.53860461419045,"2021.01.05_masterSPECsalmonshedTANKdata.xlsx","Tank_1",2012.718,8.5,7.76603142004694,"2019-04-02",8.5,1963.42427180402
"Juvenile","Tank",1,"NA","NA","NA","0.45833333333333331",2019-04-02,29.6,7.5306569646974,"2021.01.05_masterSPECsalmonshedTANKdata.xlsx","Tank_1",2012.718,8.5,7.75733626296492,"2019-04-02",8.5,1965.71855730899
"Juvenile","Tank",2,"NA","NA","NA","0.45833333333333331",2019-04-02,29.6,7.08304023796679,"2021.01.05_masterSPECsalmonshedTANKdata.xlsx","Tank_2",2012.718,8.6,7.26478628715581,"2019-04-02",8.6,2099.71630851411
"Juvenile","Tank",6,"NA","NA","NA","0.45833333333333331",2019-04-02,29.6,6.99148187918489,"2021.01.05_masterSPECsalmonshedTANKdata.xlsx","Tank_6",2012.718,8.6,7.1675604931517,"2019-04-02",8.6,2134.71583360708
"Juvenile","Tank",2,"NA","NA","NA","0.45833333333333331",2019-04-02,29.6,7.11402852904837,"2021.01.05_masterSPECsalmonshedTANKdata.xlsx","Tank_2",2012.718,8.6,7.29805062272551,"2019-04-02",8.6,2088.88116526926
"Juvenile","Tank",3,"NA","NA","NA","0.45833333333333331",2019-04-02,29.6,7.54341844488801,"2021.01.05_masterSPECsalmonshedTANKdata.xlsx","Tank_3",2012.718,8.5,7.77129320764577,"2019-04-02",8.5,1962.03024023715
"Juvenile","Tank",3,"NA","NA","NA","0.45833333333333331",2019-04-02,29.6,7.52921564051446,"2021.01.05_masterSPECsalmonshedTANKdata.xlsx","Tank_3",2012.718,8.5,7.75575833541461,"2019-04-02",8.5,1966.1336979433
"Juvenile","Tank",4,"NA","NA","NA","0.45833333333333331",2019-04-02,29.6,7.00335083875975,"2021.01.05_masterSPECsalmonshedTANKdata.xlsx","Tank_4",2012.718,8.6,7.18007802933304,"2019-04-02",8.6,2129.89317513609
"Juvenile","Tank",4,"NA","NA","NA","0.45833333333333331",2019-04-02,29.6,7.00826829455402,"2021.01.05_masterSPECsalmonshedTANKdata.xlsx","Tank_4",2012.718,8.6,7.1852714581955,"2019-04-02",8.6,2127.92209806003
"Juvenile","Tank",5,"NA","NA","NA","0.45833333333333331",2019-04-02,29.6,7.52791231452324,"2021.01.05_masterSPECsalmonshedTANKdata.xlsx","Tank_5",2012.718,8.5,7.75433121328281,"2019-04-02",8.5,1966.50885185872
"Juvenile","Tank",5,"NA","NA","NA","0.45833333333333331",2019-04-02,29.6,7.52582081512461,"2021.01.05_masterSPECsalmonshedTANKdata.xlsx","Tank_5",2012.718,8.5,7.75204051715303,"2019-04-02",8.5,1967.11040751233
"Juvenile","Tank",6,"NA","NA","NA","0.45833333333333331",2019-04-02,29.6,6.93041156909053,"2021.01.05_masterSPECsalmonshedTANKdata.xlsx","Tank_6",2012.718,8.6,7.1035261984544,"2019-04-02",8.6,2161.11301495511
"Juvenile","Tank",1,"NA","NA","NA","0.45833333333333331",2019-04-10,29.3,7.52403512017317,"2021.01.05_masterSPECsalmonshedTANKdata.xlsx","Tank_1",1997.6145,8.7,7.74694984911278,"2019-04-10",8.7,1953.61090513894
"Juvenile","Tank",2,"NA","NA","NA","0.45833333333333331",2019-04-10,29.3,6.95297081462834,"2021.01.05_masterSPECsalmonshedTANKdata.xlsx","Tank_2",1997.6145,8.7,7.12579889655647,"2019-04-10",8.7,2135.63106353048
"Juvenile","Tank",2,"NA","NA","NA","0.45833333333333331",2019-04-10,29.3,6.95064926400316,"2021.01.05_masterSPECsalmonshedTANKdata.xlsx","Tank_2",1997.6145,8.7,7.1233696104101,"2019-04-10",8.7,2136.64404941136
"Juvenile","Tank",3,"NA","NA","NA","0.45833333333333331",2019-04-10,29.3,7.55433576855534,"2021.01.05_masterSPECsalmonshedTANKdata.xlsx","Tank_3",1997.6145,8.7,7.78006132072596,"2019-04-10",8.7,1944.93547133726
"Juvenile","Tank",3,"NA","NA","NA","0.45833333333333331",2019-04-10,29.3,7.55475085000283,"2021.01.05_masterSPECsalmonshedTANKdata.xlsx","Tank_3",1997.6145,8.7,7.78051390879695,"2019-04-10",8.7,1944.81569122437
"Juvenile","Tank",4,"NA","NA","NA","0.45833333333333331",2019-04-10,29.3,6.91606545140607,"2021.01.05_masterSPECsalmonshedTANKdata.xlsx","Tank_4",1997.6145,8.8,7.08609063634252,"2019-04-10",8.8,2152.23724728754
"Juvenile","Tank",4,"NA","NA","NA","0.45833333333333331",2019-04-10,29.3,6.95901206457412,"2021.01.05_masterSPECsalmonshedTANKdata.xlsx","Tank_4",1997.6145,8.8,7.13092709857024,"2019-04-10",8.8,2133.01409366912
"Juvenile","Tank",5,"NA","NA","NA","0.45833333333333331",2019-04-10,29.3,7.5854794804675,"2021.01.05_masterSPECsalmonshedTANKdata.xlsx","Tank_5",1997.6145,8.7,7.8139401274878,"2019-04-10",8.7,1935.86715131785
"Juvenile","Tank",5,"NA","NA","NA","0.45833333333333331",2019-04-10,29.3,7.5652150322527,"2021.01.05_masterSPECsalmonshedTANKdata.xlsx","Tank_5",1997.6145,8.7,7.79191436697301,"2019-04-10",8.7,1941.78680526164
"Juvenile","Tank",6,"NA","NA","NA","0.45833333333333331",2019-04-10,29.3,6.97314052661215,"2021.01.05_masterSPECsalmonshedTANKdata.xlsx","Tank_6",1997.6145,8.8,7.1457402780358,"2019-04-10",8.8,2126.99903806942
"Juvenile","Tank",6,"NA","NA","NA","0.45833333333333331",2019-04-10,29.3,7.0316905244286,"2021.01.05_masterSPECsalmonshedTANKdata.xlsx","Tank_6",1997.6145,8.8,7.2074878426977,"2019-04-10",8.8,2103.52105047707
"Juvenile","Tank",1,"NA","NA","NA","0.45833333333333331",2019-04-19,29.4,7.60961921591397,"2021.01.05_masterSPECsalmonshedTANKdata.xlsx","Tank_1",2002.649,9.4,7.82971771511645,"2019-04-19",9.4,1933.29350267169
"Juvenile","Tank",1,"NA","NA","NA","0.45833333333333331",2019-04-19,29.4,7.6126928917994,"2021.01.05_masterSPECsalmonshedTANKdata.xlsx","Tank_1",2002.649,9.4,7.83303016476443,"2019-04-19",9.4,1932.37019972573
"Juvenile","Tank",2,"NA","NA","NA","0.45833333333333331",2019-04-19,29.4,6.86975174821198,"2021.01.05_masterSPECsalmonshedTANKdata.xlsx","Tank_2",2002.649,9.5,7.02985555322273,"2019-04-19",9.5,2179.92596473596
"Juvenile","Tank",2,"NA","NA","NA","0.45833333333333331",2019-04-19,29.4,6.81701674208409,"2021.01.05_masterSPECsalmonshedTANKdata.xlsx","Tank_2",2002.649,9.5,6.97551742012072,"2019-04-19",9.5,2208.10656590538
"Juvenile","Tank",3,"NA","NA","NA","0.45833333333333331",2019-04-19,29.4,7.60629587817836,"2021.01.05_masterSPECsalmonshedTANKdata.xlsx","Tank_3",2002.649,9.4,7.82613441182119,"2019-04-19",9.4,1934.2894716714
"Juvenile","Tank",3,"NA","NA","NA","0.45833333333333331",2019-04-19,29.4,7.61118546449898,"2021.01.05_masterSPECsalmonshedTANKdata.xlsx","Tank_3",2002.649,9.4,7.83140583510782,"2019-04-19",9.4,1932.8232773213
"Juvenile","Tank",4,"NA","NA","NA","0.45833333333333331",2019-04-19,29.4,6.97090821195421,"2021.01.05_masterSPECsalmonshedTANKdata.xlsx","Tank_4",2002.649,9.5,7.13508506187952,"2019-04-19",9.5,2133.06092736568
"Juvenile","Tank",4,"NA","NA","NA","0.45833333333333331",2019-04-19,29.4,6.9883450642709,"2021.01.05_masterSPECsalmonshedTANKdata.xlsx","Tank_4",2002.649,9.5,7.15337748363388,"2019-04-19",9.5,2125.79197537724
"Juvenile","Tank",5,"NA","NA","NA","0.45833333333333331",2019-04-19,29.4,7.60306522858992,"2021.01.05_masterSPECsalmonshedTANKdata.xlsx","Tank_5",2002.649,9.4,7.82264926127963,"2019-04-19",9.4,1935.25537848711
"Juvenile","Tank",5,"NA","NA","NA","0.45833333333333331",2019-04-19,29.4,7.59667220166716,"2021.01.05_masterSPECsalmonshedTANKdata.xlsx","Tank_5",2002.649,9.4,7.81574744014997,"2019-04-19",9.4,1937.16028307586
"Juvenile","Tank",6,"NA","NA","NA","0.45833333333333331",2019-04-19,29.4,6.93768783077416,"2021.01.05_masterSPECsalmonshedTANKdata.xlsx","Tank_6",2002.649,9.5,7.10036613495717,"2019-04-19",9.5,2147.52390056483
"Juvenile","Tank",6,"NA","NA","NA","0.45833333333333331",2019-04-19,29.4,6.98481054122217,"2021.01.05_masterSPECsalmonshedTANKdata.xlsx","Tank_6",2002.649,9.5,7.14966556994106,"2019-04-19",9.5,2127.24833803568
"Juvenile","Tank",1,"NA","NA","NA","0.45833333333333331",2019-04-23,29.2,7.60671787817836,"2021.01.05_masterSPECsalmonshedTANKdata.xlsx","Tank_1",1992.58,9.4,7.82646936779322,"2019-04-23",9.4,1924.99220553881
"Juvenile","Tank",1,"NA","NA","NA","0.45833333333333331",2019-04-23,29.2,7.60311306206763,"2021.01.05_masterSPECsalmonshedTANKdata.xlsx","Tank_1",1992.58,9.4,7.82257968853747,"2019-04-23",9.4,1926.0622085461
"Juvenile","Tank",2,"NA","NA","NA","0.45833333333333331",2019-04-23,29.2,6.94458822520443,"2021.01.05_masterSPECsalmonshedTANKdata.xlsx","Tank_2",1992.58,9.6,7.1063144277234,"2019-04-23",9.6,2134.16577569813
"Juvenile","Tank",2,"NA","NA","NA","0.45833333333333331",2019-04-23,29.2,6.95778884483807,"2021.01.05_masterSPECsalmonshedTANKdata.xlsx","Tank_2",1992.58,9.6,7.12009793088315,"2019-04-23",9.6,2128.40999891311
"Juvenile","Tank",3,"NA","NA","NA","0.45833333333333331",2019-04-23,29.2,7.61004121591397,"2021.01.05_masterSPECsalmonshedTANKdata.xlsx","Tank_3",1992.58,9.4,7.83005338592599,"2019-04-23",9.4,1924.00329786177
"Juvenile","Tank",3,"NA","NA","NA","0.45833333333333331",2019-04-23,29.2,7.6250404149988,"2021.01.05_masterSPECsalmonshedTANKdata.xlsx","Tank_3",1992.58,9.4,7.8462058493921,"2019-04-23",9.4,1919.50970891799
"Juvenile","Tank",4,"NA","NA","NA","0.45833333333333331",2019-04-23,29.2,6.92345519695906,"2021.01.05_masterSPECsalmonshedTANKdata.xlsx","Tank_4",1992.58,9.5,7.0854764426694,"2019-04-23",9.5,2143.66414922288
"Juvenile","Tank",4,"NA","NA","NA","0.45833333333333331",2019-04-23,29.2,6.95922306457412,"2021.01.05_masterSPECsalmonshedTANKdata.xlsx","Tank_4",1992.58,9.5,7.12277984152304,"2019-04-23",9.5,2127.79257016507
"Juvenile","Tank",5,"NA","NA","NA","0.45833333333333331",2019-04-23,29.2,7.60311306206763,"2021.01.05_masterSPECsalmonshedTANKdata.xlsx","Tank_5",1992.58,9.4,7.82257968853747,"2019-04-23",9.4,1926.0622085461
"Juvenile","Tank",5,"NA","NA","NA","0.45833333333333331",2019-04-23,29.2,7.39743801008447,"2021.01.05_masterSPECsalmonshedTANKdata.xlsx","Tank_5",1992.58,9.4,7.59765591683584,"2019-04-23",9.4,1984.20220124009
"Juvenile","Tank",6,"NA","NA","NA","0.45833333333333331",2019-04-23,29.2,7.06511065294229,"2021.01.05_masterSPECsalmonshedTANKdata.xlsx","Tank_6",1992.58,9.6,7.23320471956274,"2019-04-23",9.6,2086.0055946047
"Juvenile","Tank",6,"NA","NA","NA","0.45833333333333331",2019-04-23,29.2,7.07653345844745,"2021.01.05_masterSPECsalmonshedTANKdata.xlsx","Tank_6",1992.58,9.6,7.2453605233523,"2019-04-23",9.6,2081.89146259712
"Juvenile","Tank",3,"NA","NA","NA","0.45833333333333331",2019-05-01,29.87,7.58816418875266,"2021.01.05_masterSPECsalmonshedTANKdata.xlsx","Tank_3",2026.31115,9.3,7.8083218847848,"2019-05-01",9.3,1961.31347667607
"Juvenile","Tank",3,"NA","NA","NA","0.45833333333333331",2019-05-01,29.87,7.59409623071171,"2021.01.05_masterSPECsalmonshedTANKdata.xlsx","Tank_3",2026.31115,9.3,7.81473337348663,"2019-05-01",9.3,1959.52612370936
"Juvenile","Tank",2,"NA","NA","NA","0.45833333333333331",2019-05-01,29.87,6.9873533642709,"2021.01.05_masterSPECsalmonshedTANKdata.xlsx","Tank_2",2026.31115,9.4,7.1537183335042,"2019-05-01",9.4,2150.20556046375
"Juvenile","Tank",2,"NA","NA","NA","0.45833333333333331",2019-05-01,29.87,7.02297978892108,"2021.01.05_masterSPECsalmonshedTANKdata.xlsx","Tank_2",2026.31115,9.4,7.19127503005473,"2019-05-01",9.4,2135.83158218171
"Juvenile","Tank",1,"NA","NA","NA","0.45833333333333331",2019-05-01,29.87,7.60036443554357,"2021.01.05_masterSPECsalmonshedTANKdata.xlsx","Tank_1",2026.31115,9.3,7.82150175133139,"2019-05-01",9.3,1957.62947283841
"Juvenile","Tank",1,"NA","NA","NA","0.45833333333333331",2019-05-01,29.87,7.59587487491676,"2021.01.05_masterSPECsalmonshedTANKdata.xlsx","Tank_1",2026.31115,9.3,7.81665461961754,"2019-05-01",9.3,1958.98878416046
"Juvenile","Tank",1,"NA","NA","NA","0.45833333333333331",2019-05-01,29.87,7.60530417817836,"2021.01.05_masterSPECsalmonshedTANKdata.xlsx","Tank_1",2026.31115,9.3,7.82683097232915,"2019-05-01",9.3,1956.12882134986
"Juvenile","Tank",1,"NA","NA","NA","0.45833333333333331",2019-05-01,29.87,7.60371894107583,"2021.01.05_masterSPECsalmonshedTANKdata.xlsx","Tank_1",2026.31115,9.3,7.82512119741954,"2019-05-01",9.3,1956.61098544997
"Juvenile","Tank",4,"NA","NA","NA","0.45833333333333331",2019-05-01,29.87,6.90777910305674,"2021.01.05_masterSPECsalmonshedTANKdata.xlsx","Tank_4",2026.31115,9.2,7.07292203636515,"2019-05-01",9.2,2185.60237991241
"Juvenile","Tank",4,"NA","NA","NA","0.45833333333333331",2019-05-01,29.87,6.96991651195421,"2021.01.05_masterSPECsalmonshedTANKdata.xlsx","Tank_4",2026.31115,9.2,7.13779621107895,"2019-05-01",9.2,2157.55161862539
"Juvenile","Tank",4,"NA","NA","NA","0.45833333333333331",2019-05-01,29.87,6.78169223731727,"2021.01.05_masterSPECsalmonshedTANKdata.xlsx","Tank_4",2026.31115,9.2,6.94284611920922,"2019-05-01",9.2,2253.53613319704
"Juvenile","Tank",4,"NA","NA","NA","0.45833333333333331",2019-05-01,29.87,7.19035764536718,"2021.01.05_masterSPECsalmonshedTANKdata.xlsx","Tank_4",2026.31115,9.2,7.37329328912486,"2019-05-01",9.2,2077.25526554558
"Juvenile","Tank",5,"NA","NA","NA","0.45833333333333298",2019-05-01,29.87,7.58833412134814,"2021.01.05_masterSPECsalmonshedTANKdata.xlsx","Tank_5",2026.31115,9.3,7.80850563403327,"2019-05-01",9.3,1961.26237559584
"Juvenile","Tank",5,"NA","NA","NA","0.45833333333333298",2019-05-01,29.87,7.59758896176907,"2021.01.05_masterSPECsalmonshedTANKdata.xlsx","Tank_5",2026.31115,9.3,7.81850562724115,"2019-05-01",9.3,1958.47031534207
"Juvenile","Tank",5,"NA","NA","NA","0.45833333333333298",2019-05-01,29.87,7.3627634982887,"2021.01.05_masterSPECsalmonshedTANKdata.xlsx","Tank_5",2026.31115,9.3,7.5613072920121,"2019-05-01",9.3,2026.10833712321
"Juvenile","Tank",5,"NA","NA","NA","0.45833333333333298",2019-05-01,29.87,7.61683700089406,"2021.01.05_masterSPECsalmonshedTANKdata.xlsx","Tank_5",2026.31115,9.3,7.83925693111266,"2019-05-01",9.3,1952.603987371
"Juvenile","Tank",6,"NA","NA","NA","0.45833333333333298",2019-05-01,29.87,7.00539792754601,"2021.01.05_masterSPECsalmonshedTANKdata.xlsx","Tank_6",2026.31115,9.3,7.17391318518774,"2019-05-01",9.3,2142.82261247129
"Juvenile","Tank",6,"NA","NA","NA","0.45833333333333298",2019-05-01,29.87,7.04351133503676,"2021.01.05_masterSPECsalmonshedTANKdata.xlsx","Tank_6",2026.31115,9.3,7.21422985006921,"2019-05-01",9.3,2127.90569038842
"Juvenile","Tank",1,"NA","NA","NA","0.45833333333333331",2019-05-08,29.5,7.61393375892714,"2021.01.05_masterSPECsalmonshedTANKdata.xlsx","Tank_1",2007.6835,NA,NA,"2019-05-08",NA,1936.57271337986
"Juvenile","Tank",1,"NA","NA","NA","0.45833333333333331",2019-05-08,29.5,7.60449964107583,"2021.01.05_masterSPECsalmonshedTANKdata.xlsx","Tank_1",2007.6835,NA,NA,"2019-05-08",NA,1939.41313753813
"Juvenile","Tank",2,"NA","NA","NA","0.45833333333333331",2019-05-08,29.5,7.01544381654153,"2021.01.05_masterSPECsalmonshedTANKdata.xlsx","Tank_2",2007.6835,NA,NA,"2019-05-08",NA,2119.98774308049
"Juvenile","Tank",2,"NA","NA","NA","0.45833333333333331",2019-05-08,29.5,7.02108440897071,"2021.01.05_masterSPECsalmonshedTANKdata.xlsx","Tank_2",2007.6835,NA,NA,"2019-05-08",NA,2117.77553177801
"Juvenile","Tank",3,"NA","NA","NA","0.45833333333333331",2019-05-08,29.5,7.63090159618126,"2021.01.05_masterSPECsalmonshedTANKdata.xlsx","Tank_3",2007.6835,NA,NA,"2019-05-08",NA,1931.4129782981
"Juvenile","Tank",3,"NA","NA","NA","0.45833333333333331",2019-05-08,29.5,7.62228755773829,"2021.01.05_masterSPECsalmonshedTANKdata.xlsx","Tank_3",2007.6835,NA,NA,"2019-05-08",NA,1934.04084048399
"Juvenile","Tank",4,"NA","NA","NA","0.45833333333333331",2019-05-08,29.5,6.85616235330869,"2021.01.05_masterSPECsalmonshedTANKdata.xlsx","Tank_4",2007.6835,NA,NA,"2019-05-08",NA,2192.1325593593
"Juvenile","Tank",4,"NA","NA","NA","0.45833333333333331",2019-05-08,29.5,6.96582065920728,"2021.01.05_masterSPECsalmonshedTANKdata.xlsx","Tank_4",2007.6835,NA,NA,"2019-05-08",NA,2140.34743555433
"Juvenile","Tank",5,"NA","NA","NA","0.45833333333333331",2019-05-08,29.5,7.61481431455146,"2021.01.05_masterSPECsalmonshedTANKdata.xlsx","Tank_5",2007.6835,NA,NA,"2019-05-08",NA,1936.306586235
"Juvenile","Tank",6,"NA","NA","NA","0.45833333333333331",2019-05-08,29.5,6.96388271206732,"2021.01.05_masterSPECsalmonshedTANKdata.xlsx","Tank_6",2007.6835,NA,NA,"2019-05-08",NA,2141.17729010402
"Juvenile","Tank",6,"NA","NA","NA","0.45833333333333331",2019-05-08,29.5,7.01709637090083,"2021.01.05_masterSPECsalmonshedTANKdata.xlsx","Tank_6",2007.6835,NA,NA,"2019-05-08",NA,2119.33757959919
"Juvenile","Tank",1,"NA","NA","NA","0.45833333333333331",2019-05-22,29.5,7.61798517629122,"2021.01.05_masterSPECsalmonshedTANKdata.xlsx","Tank_1",2007.6835,NA,NA,"2019-05-22",NA,1935.34680978047
"Juvenile","Tank",1,"NA","NA","NA","0.45833333333333331",2019-05-22,29.5,7.60449964107583,"2021.01.05_masterSPECsalmonshedTANKdata.xlsx","Tank_1",2007.6835,NA,NA,"2019-05-22",NA,1939.41313753813
"Juvenile","Tank",2,"NA","NA","NA","0.45833333333333331",2019-05-22,29.5,6.97315268712247,"2021.01.05_masterSPECsalmonshedTANKdata.xlsx","Tank_2",2007.6835,NA,NA,"2019-05-22",NA,2137.23243893514
"Juvenile","Tank",2,"NA","NA","NA","0.45833333333333331",2019-05-22,29.5,7.02108440897072,"2021.01.05_masterSPECsalmonshedTANKdata.xlsx","Tank_2",2007.6835,NA,NA,"2019-05-22",NA,2117.77553177801
"Juvenile","Tank",3,"NA","NA","NA","0.45833333333333331",2019-05-22,29.5,7.61533308970465,"2021.01.05_masterSPECsalmonshedTANKdata.xlsx","Tank_3",2007.6835,NA,NA,"2019-05-22",NA,1936.14971662351
"Juvenile","Tank",3,"NA","NA","NA","0.45833333333333331",2019-05-22,29.5,7.60608487817836,"2021.01.05_masterSPECsalmonshedTANKdata.xlsx","Tank_3",2007.6835,NA,NA,"2019-05-22",NA,1938.93721800017
"Juvenile","Tank",4,"NA","NA","NA","0.45833333333333331",2019-05-22,29.5,6.92282219695907,"2021.01.05_masterSPECsalmonshedTANKdata.xlsx","Tank_4",2007.6835,NA,NA,"2019-05-22",NA,2159.43451542623
"Juvenile","Tank",4,"NA","NA","NA","0.45833333333333331",2019-05-22,29.5,6.90156845076076,"2021.01.05_masterSPECsalmonshedTANKdata.xlsx","Tank_4",2007.6835,NA,NA,"2019-05-22",NA,2169.42412889223
"Juvenile","Tank",5,"NA","NA","NA","0.45833333333333331",2019-05-22,29.5,7.65617579616961,"2021.01.05_masterSPECsalmonshedTANKdata.xlsx","Tank_5",2007.6835,NA,NA,"2019-05-22",NA,1923.59605590437
"Juvenile","Tank",5,"NA","NA","NA","0.45833333333333331",2019-05-22,29.5,7.68371384622343,"2021.01.05_masterSPECsalmonshedTANKdata.xlsx","Tank_5",2007.6835,NA,NA,"2019-05-22",NA,1914.88267674242
"Juvenile","Tank",6,"NA","NA","NA","0.45833333333333331",2019-05-22,29.5,6.84125978309349,"2021.01.05_masterSPECsalmonshedTANKdata.xlsx","Tank_6",2007.6835,NA,NA,"2019-05-22",NA,2200.02348269065
"Juvenile","Tank",6,"NA","NA","NA","0.45833333333333331",2019-05-22,29.5,7.22663784707224,"2021.01.05_masterSPECsalmonshedTANKdata.xlsx","Tank_6",2007.6835,NA,NA,"2019-05-22",NA,2047.75621931856
"Juvenile","Tank",6,"NA","NA","NA","0.45833333333333331",2019-05-29,29.5,7.15991943296781,"2021.01.05_masterSPECsalmonshedTANKdata.xlsx","Tank_6",2007.6835,NA,NA,"2019-05-29",NA,2068.61703396408
"Juvenile","Tank",6,"NA","NA","NA","0.45833333333333331",2019-05-29,29.5,7.0312685244286,"2021.01.05_masterSPECsalmonshedTANKdata.xlsx","Tank_6",2007.6835,NA,NA,"2019-05-29",NA,2113.83049327798
"Juvenile","Tank",3,"NA","NA","NA","0.45833333333333331",2019-05-29,29.5,7.61393375892714,"2021.01.05_masterSPECsalmonshedTANKdata.xlsx","Tank_3",2007.6835,NA,NA,"2019-05-29",NA,1936.57271337986
"Juvenile","Tank",3,"NA","NA","NA","0.45833333333333331",2019-05-29,29.5,7.5930299962394,"2021.01.05_masterSPECsalmonshedTANKdata.xlsx","Tank_3",2007.6835,NA,NA,"2019-05-29",NA,1942.84069775272
"Juvenile","Tank",5,"NA","NA","NA","0.45833333333333331",2019-05-29,29.5,7.59111074384939,"2021.01.05_masterSPECsalmonshedTANKdata.xlsx","Tank_5",2007.6835,NA,NA,"2019-05-29",NA,1943.4115903062
"Juvenile","Tank",5,"NA","NA","NA","0.45833333333333331",2019-05-29,29.5,7.59255712716401,"2021.01.05_masterSPECsalmonshedTANKdata.xlsx","Tank_5",2007.6835,NA,NA,"2019-05-29",NA,1942.9814244778
"Juvenile","Tank",1,"NA","NA","NA","0.45833333333333331",2019-05-29,29.5,7.62888150616168,"2021.01.05_masterSPECsalmonshedTANKdata.xlsx","Tank_1",2007.6835,NA,NA,"2019-05-29",NA,1932.03083653985
"Juvenile","Tank",1,"NA","NA","NA","0.45833333333333331",2019-05-29,29.5,7.62060739589782,"2021.01.05_masterSPECsalmonshedTANKdata.xlsx","Tank_1",2007.6835,NA,NA,"2019-05-29",NA,1934.5513574603
"Juvenile","Tank",2,"NA","NA","NA","0.45833333333333331",2019-05-29,29.5,6.98152647432614,"2021.01.05_masterSPECsalmonshedTANKdata.xlsx","Tank_2",2007.6835,NA,NA,"2019-05-29",NA,2133.72174336659
"Juvenile","Tank",2,"NA","NA","NA","0.45833333333333331",2019-05-29,29.5,6.9881340642709,"2021.01.05_masterSPECsalmonshedTANKdata.xlsx","Tank_2",2007.6835,NA,NA,"2019-05-29",NA,2130.98601157323
"Juvenile","Tank",4,"NA","NA","NA","0.45833333333333331",2019-05-29,29.5,7.07839866119344,"2021.01.05_masterSPECsalmonshedTANKdata.xlsx","Tank_4",2007.6835,NA,NA,"2019-05-29",NA,2096.34098132093
"Juvenile","Tank",4,"NA","NA","NA","0.45833333333333331",2019-05-29,29.5,7.06447765294229,"2021.01.05_masterSPECsalmonshedTANKdata.xlsx","Tank_4",2007.6835,NA,NA,"2019-05-29",NA,2101.38205598255
"Juvenile","Tank",1,"NA","NA","NA","0.45833333333333331",2019-06-05,29.2,7.67471537301167,"2021.01.05_masterSPECsalmonshedTANKdata.xlsx","Tank_1",1992.58,NA,NA,"2019-06-05",NA,1904.23498706824
"Juvenile","Tank",1,"NA","NA","NA","0.45833333333333331",2019-06-05,29.2,7.6662616239329,"2021.01.05_masterSPECsalmonshedTANKdata.xlsx","Tank_1",1992.58,NA,NA,"2019-06-05",NA,1906.88039631252
"Juvenile","Tank",2,"NA","NA","NA","0.45833333333333331",2019-06-05,29.2,7.1080929855747,"2021.01.05_masterSPECsalmonshedTANKdata.xlsx","Tank_2",1992.58,NA,NA,"2019-06-05",NA,2070.85886877366
"Juvenile","Tank",3,"NA","NA","NA","0.45833333333333331",2019-06-05,29.2,7.63593648555337,"2021.01.05_masterSPECsalmonshedTANKdata.xlsx","Tank_3",1992.58,NA,NA,"2019-06-05",NA,1916.21276449268
"Juvenile","Tank",2,"NA","NA","NA","0.45833333333333331",2019-06-05,29.2,7.09231411460157,"2021.01.05_masterSPECsalmonshedTANKdata.xlsx","Tank_2",1992.58,NA,NA,"2019-06-05",NA,2076.31556215026
"Juvenile","Tank",3,"NA","NA","NA","0.45833333333333331",2019-06-05,29.2,7.64516450059928,"2021.01.05_masterSPECsalmonshedTANKdata.xlsx","Tank_3",1992.58,NA,NA,"2019-06-05",NA,1913.39795364425
"Juvenile","Tank",4,"NA","NA","NA","0.45833333333333331",2019-06-05,29.2,7.25536641184902,"2021.01.05_masterSPECsalmonshedTANKdata.xlsx","Tank_4",1992.58,NA,NA,"2019-06-05",NA,2024.43798194306
"Juvenile","Tank",4,"NA","NA","NA","0.45833333333333331",2019-06-05,29.2,7.21275619513456,"2021.01.05_masterSPECsalmonshedTANKdata.xlsx","Tank_4",1992.58,NA,NA,"2019-06-05",NA,2037.17523415641
"Juvenile","Tank",5,"NA","NA","NA","0.45833333333333331",2019-06-05,29.2,7.60324705636095,"2021.01.05_masterSPECsalmonshedTANKdata.xlsx","Tank_5",1992.58,NA,NA,"2019-06-05",NA,1926.02248458727
"Juvenile","Tank",5,"NA","NA","NA","0.45833333333333331",2019-06-05,29.2,7.6482348822203,"2021.01.05_masterSPECsalmonshedTANKdata.xlsx","Tank_5",1992.58,NA,NA,"2019-06-05",NA,1912.45665533081
"Juvenile","Tank",6,"NA","NA","NA","0.45833333333333331",2019-06-05,29.2,7.07903166119344,"2021.01.05_masterSPECsalmonshedTANKdata.xlsx","Tank_6",1992.58,NA,NA,"2019-06-05",NA,2081.00056266275
"Juvenile","Tank",6,"NA","NA","NA","0.45833333333333331",2019-06-05,29.2,7.03837154859084,"2021.01.05_masterSPECsalmonshedTANKdata.xlsx","Tank_6",1992.58,NA,NA,"2019-06-05",NA,2095.9094749905
"Juvenile","Tank",1,"NA","NA","NA","0.52083333333333337",2019-06-13,29.6,7.63205537336003,"2021.01.05_masterSPECsalmonshedTANKdata.xlsx","Tank_1",2012.718,NA,NA,"2019-06-13",NA,1935.61387577165
"Juvenile","Tank",1,"NA","NA","NA","0.52083333333333337",2019-06-13,29.6,7.63205537336003,"2021.01.05_masterSPECsalmonshedTANKdata.xlsx","Tank_1",2012.718,NA,NA,"2019-06-13",NA,1935.61387577165
"Juvenile","Tank",2,"NA","NA","NA","0.52083333333333337",2019-06-13,29.6,6.95124683099985,"2021.01.05_masterSPECsalmonshedTANKdata.xlsx","Tank_2",2012.718,NA,NA,"2019-06-13",NA,2151.79307503269
"Juvenile","Tank",2,"NA","NA","NA","0.52083333333333337",2019-06-13,29.6,6.95030313896997,"2021.01.05_masterSPECsalmonshedTANKdata.xlsx","Tank_2",2012.718,NA,NA,"2019-06-13",NA,2152.20787763129
"Juvenile","Tank",3,"NA","NA","NA","0.52083333333333337",2019-06-13,29.6,7.64508991507719,"2021.01.05_masterSPECsalmonshedTANKdata.xlsx","Tank_3",2012.718,NA,NA,"2019-06-13",NA,1931.58408192822
"Juvenile","Tank",3,"NA","NA","NA","0.52083333333333337",2019-06-13,29.6,7.63310363910991,"2021.01.05_masterSPECsalmonshedTANKdata.xlsx","Tank_3",2012.718,NA,NA,"2019-06-13",NA,1935.29136632561
"Juvenile","Tank",4,"NA","NA","NA","0.52083333333333337",2019-06-13,29.6,6.99739740082861,"2021.01.05_masterSPECsalmonshedTANKdata.xlsx","Tank_4",2012.718,NA,NA,"2019-06-13",NA,2132.30054995304
"Juvenile","Tank",4,"NA","NA","NA","0.52083333333333337",2019-06-13,29.6,6.9879230642709,"2021.01.05_masterSPECsalmonshedTANKdata.xlsx","Tank_4",2012.718,NA,NA,"2019-06-13",NA,2136.18022834229
"Juvenile","Tank",5,"NA","NA","NA","0.52083333333333337",2019-06-13,29.6,7.63709888097977,"2021.01.05_masterSPECsalmonshedTANKdata.xlsx","Tank_5",2012.718,NA,NA,"2019-06-13",NA,1934.05969197147
"Juvenile","Tank",5,"NA","NA","NA","0.52083333333333337",2019-06-13,29.6,7.65605300693822,"2021.01.05_masterSPECsalmonshedTANKdata.xlsx","Tank_5",2012.718,NA,NA,"2019-06-13",NA,1928.16067841172
"Juvenile","Tank",6,"NA","NA","NA","0.52083333333333337",2019-06-13,29.6,6.97861896792519,"2021.01.05_masterSPECsalmonshedTANKdata.xlsx","Tank_6",2012.718,NA,NA,"2019-06-13",NA,2140.04978504271
"Juvenile","Tank",6,"NA","NA","NA","0.52083333333333337",2019-06-13,29.6,7.1072489855747,"2021.01.05_masterSPECsalmonshedTANKdata.xlsx","Tank_6",2012.718,NA,NA,"2019-06-13",NA,2091.21386867029
"Juvenile","Tank",6,"NA","NA","NA","0.45833333333333331",2019-06-21,29.6,6.97294168712247,"2021.01.05_masterSPECsalmonshedTANKdata.xlsx","Tank_6",2012.718,NA,NA,"2019-06-21",NA,2142.44071481549
"Juvenile","Tank",6,"NA","NA","NA","0.45833333333333331",2019-06-21,29.6,7.0515564460448,"2021.01.05_masterSPECsalmonshedTANKdata.xlsx","Tank_6",2012.718,NA,NA,"2019-06-21",NA,2111.21064695266
"Juvenile","Tank",5,"NA","NA","NA","0.45833333333333331",2019-06-21,29.6,7.66443341429792,"2021.01.05_masterSPECsalmonshedTANKdata.xlsx","Tank_5",2012.718,NA,NA,"2019-06-21",NA,1925.52189554286
"Juvenile","Tank",5,"NA","NA","NA","0.45833333333333331",2019-06-21,29.6,7.66443341429792,"2021.01.05_masterSPECsalmonshedTANKdata.xlsx","Tank_5",2012.718,NA,NA,"2019-06-21",NA,1925.52189554286
"Juvenile","Tank",4,"NA","NA","NA","0.45833333333333331",2019-06-21,29.6,7.02229333099217,"2021.01.05_masterSPECsalmonshedTANKdata.xlsx","Tank_4",2012.718,NA,NA,"2019-06-21",NA,2122.3844945496
"Juvenile","Tank",4,"NA","NA","NA","0.45833333333333331",2019-06-21,29.6,7.02354948892108,"2021.01.05_masterSPECsalmonshedTANKdata.xlsx","Tank_4",2012.718,NA,NA,"2019-06-21",NA,2121.8944601006
"Juvenile","Tank",3,"NA","NA","NA","0.45833333333333331",2019-06-21,29.6,7.65370660407731,"2021.01.05_masterSPECsalmonshedTANKdata.xlsx","Tank_3",2012.718,NA,NA,"2019-06-21",NA,1928.89607081834
"Juvenile","Tank",4,"NA","NA","NA","0.45833333333333331",2019-06-21,29.6,7.63096856937853,"2021.01.05_masterSPECsalmonshedTANKdata.xlsx","Tank_4",2012.718,NA,NA,"2019-06-21",NA,1935.94795667822
"Juvenile","Tank",2,"NA","NA","NA","0.45833333333333331",2019-06-21,29.6,7.01523281654153,"2021.01.05_masterSPECsalmonshedTANKdata.xlsx","Tank_2",2012.718,NA,NA,"2019-06-21",NA,2125.15688323463
"Juvenile","Tank",2,"NA","NA","NA","0.45833333333333331",2019-06-21,29.6,7.01523281654153,"2021.01.05_masterSPECsalmonshedTANKdata.xlsx","Tank_2",2012.718,NA,NA,"2019-06-21",NA,2125.15688323463
"Juvenile","Tank",1,"NA","NA","NA","0.45833333333333331",2019-06-21,29.6,7.65888490129863,"2021.01.05_masterSPECsalmonshedTANKdata.xlsx","Tank_1",2012.718,NA,NA,"2019-06-21",NA,1927.27114119572
"Juvenile","Tank",1,"NA","NA","NA","0.45833333333333331",2019-06-21,29.6,7.65831709778377,"2021.01.05_masterSPECsalmonshedTANKdata.xlsx","Tank_1",2012.718,NA,NA,"2019-06-21",NA,1927.44967121787
"Juvenile","Tank",1,"NA","NA","NA","0.45833333333333331",2019-07-03,29.6,7.60034964118511,"2021.01.05_masterSPECsalmonshedTANKdata.xlsx","Tank_1",2012.718,NA,NA,"2019-07-03",NA,1945.24638892361
"Juvenile","Tank",1,"NA","NA","NA","0.45833333333333331",2019-07-03,29.6,7.61372275892714,"2021.01.05_masterSPECsalmonshedTANKdata.xlsx","Tank_1",2012.718,NA,NA,"2019-07-03",NA,1941.21148703022
"Juvenile","Tank",2,"NA","NA","NA","0.45833333333333331",2019-07-03,29.6,6.94333698967091,"2021.01.05_masterSPECsalmonshedTANKdata.xlsx","Tank_2",2012.718,NA,NA,"2019-07-03",NA,2155.29109623438
"Juvenile","Tank",2,"NA","NA","NA","0.45833333333333331",2019-07-03,29.6,6.89103764448871,"2021.01.05_masterSPECsalmonshedTANKdata.xlsx","Tank_2",2012.718,NA,NA,"2019-07-03",NA,2179.70659781334
"Juvenile","Tank",3,"NA","NA","NA","0.45833333333333331",2019-07-03,29.6,7.61790192830577,"2021.01.05_masterSPECsalmonshedTANKdata.xlsx","Tank_3",2012.718,NA,NA,"2019-07-03",NA,1939.94236972584
"Juvenile","Tank",3,"NA","NA","NA","0.45833333333333331",2019-07-03,29.6,7.63165245109359,"2021.01.05_masterSPECsalmonshedTANKdata.xlsx","Tank_3",2012.718,NA,NA,"2019-07-03",NA,1935.73776689831
"Juvenile","Tank",4,"NA","NA","NA","0.45833333333333331",2019-07-03,29.6,7.25085369417101,"2021.01.05_masterSPECsalmonshedTANKdata.xlsx","Tank_4",2012.718,NA,NA,"2019-07-03",NA,2045.39841664814
"Juvenile","Tank",4,"NA","NA","NA","0.45833333333333331",2019-07-03,29.6,7.1731908378512,"2021.01.05_masterSPECsalmonshedTANKdata.xlsx","Tank_4",2012.718,NA,NA,"2019-07-03",NA,2069.32109559016
"Juvenile","Tank",5,"NA","NA","NA","0.45833333333333331",2019-07-03,29.6,7.62012765964955,"2021.01.05_masterSPECsalmonshedTANKdata.xlsx","Tank_5",2012.718,NA,NA,"2019-07-03",NA,1939.26482508615
"Juvenile","Tank",5,"NA","NA","NA","0.45833333333333331",2019-07-03,29.6,7.6241964149988,"2021.01.05_masterSPECsalmonshedTANKdata.xlsx","Tank_5",2012.718,NA,NA,"2019-07-03",NA,1938.02324138325
"Juvenile","Tank",6,"NA","NA","NA","0.45833333333333331",2019-07-03,29.6,7.03289772143516,"2021.01.05_masterSPECsalmonshedTANKdata.xlsx","Tank_6",2012.718,NA,NA,"2019-07-03",NA,2118.27752880429
