#,"Date Time, GMT-07:00","DO conc, mg/L (LGR S/N: 20454092, SEN S/N: 20454092)","Temp, °C (LGR S/N: 20454092, SEN S/N: 20454092)","DO Adj Conc, mg/L (LGR S/N: 20454092)","DO Percent Sat, % (LGR S/N: 20454092)"
1,2/19/19 10:15,11.45,9,0,0
2,2/19/19 10:25,11.61,8.7,0,0
3,2/19/19 10:35,11.66,8.62,0,0
4,2/19/19 10:45,11.67,8.6,0,0
5,2/19/19 10:55,11.65,8.58,0,0
6,2/19/19 11:05,11.66,8.58,0,0
7,2/19/19 11:15,11.65,8.58,0,0
8,2/19/19 11:25,11.67,8.58,0,0
9,2/19/19 11:35,11.66,8.6,0,0
10,2/19/19 11:45,11.65,8.62,0,0
11,2/19/19 11:55,11.65,8.62,0,0
12,2/19/19 12:05,11.63,8.64,0,0
13,2/19/19 12:15,11.65,8.64,0,0
14,2/19/19 12:25,11.65,8.66,0,0
15,2/19/19 12:35,11.66,8.66,0,0
16,2/19/19 12:45,11.65,8.66,0,0
17,2/19/19 12:55,11.65,8.66,0,0
18,2/19/19 13:05,11.64,8.66,0,0
19,2/19/19 13:15,11.65,8.66,0,0
20,2/19/19 13:25,11.65,8.68,0,0
21,2/19/19 13:35,11.65,8.68,0,0
22,2/19/19 13:45,11.65,8.68,0,0
23,2/19/19 13:55,11.64,8.66,0,0
24,2/19/19 14:05,11.65,8.66,0,0
25,2/19/19 14:15,11.65,8.66,0,0
26,2/19/19 14:25,11.64,8.64,0,0
27,2/19/19 14:35,11.65,8.64,0,0
28,2/19/19 14:45,11.64,8.62,0,0
29,2/19/19 14:55,11.64,8.6,0,0
30,2/19/19 15:05,11.65,8.58,0,0
31,2/19/19 15:15,11.64,8.58,0,0
32,2/19/19 15:25,11.64,8.58,0,0
33,2/19/19 15:35,11.62,8.58,0,0
34,2/19/19 15:45,11.62,8.58,0,0
35,2/19/19 15:55,11.63,8.58,0,0
36,2/19/19 16:05,11.63,8.58,0,0
37,2/19/19 16:15,11.62,8.58,0,0
38,2/19/19 16:25,11.62,8.58,0,0
39,2/19/19 16:35,11.63,8.56,0,0
40,2/19/19 16:45,11.61,8.56,0,0
41,2/19/19 16:55,11.61,8.56,0,0
42,2/19/19 17:05,11.6,8.56,0,0
43,2/19/19 17:15,11.59,8.56,0,0
44,2/19/19 17:25,11.59,8.56,0,0
45,2/19/19 17:35,11.59,8.58,0,0
46,2/19/19 17:45,11.57,8.6,0,0
47,2/19/19 17:55,11.55,8.62,0,0
48,2/19/19 18:05,11.54,8.64,0,0
49,2/19/19 18:15,11.54,8.66,0,0
50,2/19/19 18:25,11.51,8.7,0,0
51,2/19/19 18:35,11.5,8.72,0,0
52,2/19/19 18:45,11.49,8.74,0,0
53,2/19/19 18:55,11.5,8.76,0,0
54,2/19/19 19:05,11.48,8.76,0,0
55,2/19/19 19:15,11.46,8.78,0,0
56,2/19/19 19:25,11.46,8.8,0,0
57,2/19/19 19:35,11.47,8.8,0,0
58,2/19/19 19:45,11.46,8.8,0,0
59,2/19/19 19:55,11.46,8.82,0,0
60,2/19/19 20:05,11.46,8.82,0,0
61,2/19/19 20:15,11.45,8.82,0,0
62,2/19/19 20:25,11.46,8.8,0,0
63,2/19/19 20:35,11.47,8.8,0,0
64,2/19/19 20:45,11.46,8.8,0,0
65,2/19/19 20:55,11.46,8.8,0,0
66,2/19/19 21:05,11.48,8.78,0,0
67,2/19/19 21:15,11.47,8.78,0,0
68,2/19/19 21:25,11.48,8.76,0,0
69,2/19/19 21:35,11.48,8.76,0,0
70,2/19/19 21:45,11.48,8.76,0,0
71,2/19/19 21:55,11.49,8.76,0,0
72,2/19/19 22:05,11.46,8.76,0,0
73,2/19/19 22:15,11.47,8.76,0,0
74,2/19/19 22:25,11.5,8.74,0,0
75,2/19/19 22:35,11.5,8.74,0,0
76,2/19/19 22:45,11.49,8.72,0,0
77,2/19/19 22:55,11.52,8.68,0,0
78,2/19/19 23:05,11.53,8.64,0,0
79,2/19/19 23:15,11.55,8.58,0,0
80,2/19/19 23:25,11.55,8.54,0,0
81,2/19/19 23:35,11.57,8.5,0,0
82,2/19/19 23:45,11.57,8.48,0,0
83,2/19/19 23:55,11.58,8.46,0,0
84,2/20/19 0:05,11.59,8.44,0,0
85,2/20/19 0:15,11.6,8.42,0,0
86,2/20/19 0:25,11.59,8.4,0,0
87,2/20/19 0:35,11.61,8.4,0,0
88,2/20/19 0:45,11.6,8.38,0,0
89,2/20/19 0:55,11.59,8.38,0,0
90,2/20/19 1:05,11.62,8.38,0,0
91,2/20/19 1:15,11.6,8.38,0,0
92,2/20/19 1:25,11.6,8.38,0,0
93,2/20/19 1:35,11.6,8.38,0,0
94,2/20/19 1:45,11.6,8.4,0,0
95,2/20/19 1:55,11.6,8.4,0,0
96,2/20/19 2:05,11.6,8.42,0,0
97,2/20/19 2:15,11.59,8.42,0,0
98,2/20/19 2:25,11.59,8.42,0,0
99,2/20/19 2:35,11.58,8.42,0,0
100,2/20/19 2:45,11.58,8.44,0,0
101,2/20/19 2:55,11.57,8.46,0,0
102,2/20/19 3:05,11.56,8.46,0,0
103,2/20/19 3:15,11.57,8.48,0,0
104,2/20/19 3:25,11.56,8.5,0,0
105,2/20/19 3:35,11.54,8.5,0,0
106,2/20/19 3:45,11.53,8.52,0,0
107,2/20/19 3:55,11.56,8.52,0,0
108,2/20/19 4:05,11.53,8.52,0,0
109,2/20/19 4:15,11.55,8.52,0,0
110,2/20/19 4:25,11.53,8.54,0,0
111,2/20/19 4:35,11.54,8.54,0,0
112,2/20/19 4:45,11.53,8.56,0,0
113,2/20/19 4:55,11.51,8.56,0,0
114,2/20/19 5:05,11.53,8.56,0,0
115,2/20/19 5:15,11.52,8.58,0,0
116,2/20/19 5:25,11.51,8.58,0,0
117,2/20/19 5:35,11.51,8.58,0,0
118,2/20/19 5:45,11.51,8.58,0,0
119,2/20/19 5:55,11.51,8.58,0,0
120,2/20/19 6:05,11.52,8.58,0,0
121,2/20/19 6:15,11.51,8.58,0,0
122,2/20/19 6:25,11.52,8.58,0,0
123,2/20/19 6:35,11.5,8.58,0,0
124,2/20/19 6:45,11.51,8.58,0,0
125,2/20/19 6:55,11.5,8.56,0,0
126,2/20/19 7:05,11.51,8.56,0,0
127,2/20/19 7:15,11.5,8.56,0,0
128,2/20/19 7:25,11.52,8.54,0,0
129,2/20/19 7:35,11.53,8.54,0,0
130,2/20/19 7:45,11.53,8.54,0,0
131,2/20/19 7:55,11.53,8.52,0,0
132,2/20/19 8:05,11.52,8.52,0,0
133,2/20/19 8:15,11.53,8.52,0,0
134,2/20/19 8:25,11.53,8.5,0,0
135,2/20/19 8:35,11.54,8.5,0,0
136,2/20/19 8:45,11.53,8.5,0,0
137,2/20/19 8:55,11.54,8.48,0,0
138,2/20/19 9:05,11.55,8.48,0,0
139,2/20/19 9:15,11.56,8.48,0,0
140,2/20/19 9:25,11.55,8.48,0,0
141,2/20/19 9:35,11.55,8.48,0,0
142,2/20/19 9:45,11.54,8.48,0,0
143,2/20/19 9:55,11.56,8.48,0,0
144,2/20/19 10:05,11.56,8.48,0,0
145,2/20/19 10:15,11.58,8.46,0,0
146,2/20/19 10:25,11.58,8.44,0,0
147,2/20/19 10:35,11.6,8.42,0,0
148,2/20/19 10:45,11.6,8.4,0,0
149,2/20/19 10:55,11.61,8.38,0,0
150,2/20/19 11:05,11.62,8.36,0,0
151,2/20/19 11:15,11.61,8.36,0,0
152,2/20/19 11:25,11.62,8.38,0,0
153,2/20/19 11:35,11.62,8.4,0,0
154,2/20/19 11:45,11.61,8.42,0,0
155,2/20/19 11:55,11.61,8.44,0,0
156,2/20/19 12:05,11.61,8.46,0,0
157,2/20/19 12:15,11.61,8.46,0,0
158,2/20/19 12:25,11.6,8.48,0,0
159,2/20/19 12:35,11.62,8.48,0,0
160,2/20/19 12:45,11.61,8.5,0,0
161,2/20/19 12:55,11.6,8.5,0,0
162,2/20/19 13:05,11.61,8.52,0,0
163,2/20/19 13:15,11.6,8.54,0,0
164,2/20/19 13:25,11.6,8.54,0,0
165,2/20/19 13:35,11.6,8.56,0,0
166,2/20/19 13:45,11.59,8.56,0,0
167,2/20/19 13:55,11.59,8.56,0,0
168,2/20/19 14:05,11.59,8.58,0,0
169,2/20/19 14:15,11.6,8.58,0,0
170,2/20/19 14:25,11.58,8.58,0,0
171,2/20/19 14:35,11.59,8.58,0,0
172,2/20/19 14:45,11.58,8.58,0,0
173,2/20/19 14:55,11.58,8.58,0,0
174,2/20/19 15:05,11.58,8.58,0,0
175,2/20/19 15:15,11.58,8.58,0,0
176,2/20/19 15:25,11.6,8.58,0,0
177,2/20/19 15:35,11.59,8.58,0,0
178,2/20/19 15:45,11.59,8.58,0,0
179,2/20/19 15:55,11.59,8.58,0,0
180,2/20/19 16:05,11.59,8.58,0,0
181,2/20/19 16:15,11.6,8.58,0,0
182,2/20/19 16:25,11.6,8.58,0,0
183,2/20/19 16:35,11.6,8.58,0,0
184,2/20/19 16:45,11.58,8.6,0,0
185,2/20/19 16:55,11.55,8.6,0,0
186,2/20/19 17:05,11.51,8.62,0,0
187,2/20/19 17:15,11.45,8.64,0,0
188,2/20/19 17:25,11.42,8.66,0,0
189,2/20/19 17:35,11.37,8.68,0,0
190,2/20/19 17:45,11.33,8.68,0,0
191,2/20/19 17:55,11.3,8.7,0,0
192,2/20/19 18:05,11.28,8.7,0,0
193,2/20/19 18:15,11.28,8.68,0,0
194,2/20/19 18:25,11.27,8.68,0,0
195,2/20/19 18:35,11.26,8.66,0,0
196,2/20/19 18:45,11.25,8.66,0,0
197,2/20/19 18:55,11.23,8.68,0,0
198,2/20/19 19:05,11.22,8.68,0,0
199,2/20/19 19:15,11.21,8.68,0,0
200,2/20/19 19:25,11.22,8.68,0,0
201,2/20/19 19:35,11.19,8.68,0,0
202,2/20/19 19:45,11.19,8.7,0,0
203,2/20/19 19:55,11.2,8.7,0,0
204,2/20/19 20:05,11.2,8.7,0,0
205,2/20/19 20:15,11.2,8.7,0,0
206,2/20/19 20:25,11.22,8.68,0,0
207,2/20/19 20:35,11.23,8.68,0,0
208,2/20/19 20:45,11.23,8.68,0,0
209,2/20/19 20:55,11.25,8.68,0,0
210,2/20/19 21:05,11.26,8.66,0,0
211,2/20/19 21:15,11.26,8.66,0,0
212,2/20/19 21:25,11.27,8.64,0,0
213,2/20/19 21:35,11.3,8.64,0,0
214,2/20/19 21:45,11.3,8.62,0,0
215,2/20/19 21:55,11.31,8.62,0,0
216,2/20/19 22:05,11.33,8.6,0,0
217,2/20/19 22:15,11.34,8.58,0,0
218,2/20/19 22:25,11.41,8.54,0,0
219,2/20/19 22:35,11.45,8.46,0,0
220,2/20/19 22:45,11.51,8.36,0,0
221,2/20/19 22:55,11.54,8.3,0,0
222,2/20/19 23:05,11.56,8.26,0,0
223,2/20/19 23:15,11.57,8.26,0,0
224,2/20/19 23:25,11.57,8.26,0,0
225,2/20/19 23:35,11.58,8.28,0,0
226,2/20/19 23:45,11.57,8.28,0,0
227,2/20/19 23:55,11.56,8.3,0,0
228,2/21/19 0:05,11.56,8.28,0,0
229,2/21/19 0:15,11.58,8.28,0,0
230,2/21/19 0:25,11.58,8.28,0,0
231,2/21/19 0:35,11.58,8.26,0,0
232,2/21/19 0:45,11.6,8.26,0,0
233,2/21/19 0:55,11.58,8.26,0,0
234,2/21/19 1:05,11.6,8.24,0,0
235,2/21/19 1:15,11.62,8.24,0,0
236,2/21/19 1:25,11.61,8.24,0,0
237,2/21/19 1:35,11.61,8.24,0,0
238,2/21/19 1:45,11.61,8.22,0,0
239,2/21/19 1:55,11.6,8.22,0,0
240,2/21/19 2:05,11.6,8.22,0,0
241,2/21/19 2:15,11.61,8.2,0,0
242,2/21/19 2:25,11.61,8.22,0,0
243,2/21/19 2:35,11.62,8.22,0,0
244,2/21/19 2:45,11.6,8.22,0,0
245,2/21/19 2:55,11.6,8.22,0,0
246,2/21/19 3:05,11.6,8.24,0,0
247,2/21/19 3:15,11.59,8.24,0,0
248,2/21/19 3:25,11.57,8.26,0,0
249,2/21/19 3:35,11.56,8.26,0,0
250,2/21/19 3:45,11.56,8.28,0,0
251,2/21/19 3:55,11.54,8.3,0,0
252,2/21/19 4:05,11.52,8.3,0,0
253,2/21/19 4:15,11.5,8.32,0,0
254,2/21/19 4:25,11.49,8.34,0,0
255,2/21/19 4:35,11.46,8.36,0,0
256,2/21/19 4:45,11.42,8.36,0,0
257,2/21/19 4:55,11.42,8.36,0,0
258,2/21/19 5:05,11.42,8.36,0,0
259,2/21/19 5:15,11.38,8.36,0,0
260,2/21/19 5:25,11.39,8.36,0,0
261,2/21/19 5:35,11.37,8.36,0,0
262,2/21/19 5:45,11.37,8.38,0,0
263,2/21/19 5:55,11.37,8.38,0,0
264,2/21/19 6:05,11.35,8.4,0,0
265,2/21/19 6:15,11.35,8.4,0,0
266,2/21/19 6:25,11.37,8.42,0,0
267,2/21/19 6:35,11.38,8.42,0,0
268,2/21/19 6:45,11.41,8.42,0,0
269,2/21/19 6:55,11.44,8.44,0,0
270,2/21/19 7:05,11.47,8.44,0,0
271,2/21/19 7:15,11.49,8.46,0,0
272,2/21/19 7:25,11.49,8.46,0,0
273,2/21/19 7:35,11.5,8.48,0,0
274,2/21/19 7:45,11.51,8.48,0,0
275,2/21/19 7:55,11.51,8.5,0,0
276,2/21/19 8:05,11.51,8.52,0,0
277,2/21/19 8:15,11.53,8.52,0,0
278,2/21/19 8:25,11.51,8.54,0,0
279,2/21/19 8:35,11.53,8.54,0,0
280,2/21/19 8:45,11.53,8.54,0,0
281,2/21/19 8:55,11.54,8.54,0,0
282,2/21/19 9:05,11.54,8.54,0,0
283,2/21/19 9:15,11.55,8.54,0,0
284,2/21/19 9:25,11.55,8.56,0,0
285,2/21/19 9:35,11.57,8.56,0,0
286,2/21/19 9:45,11.56,8.56,0,0
287,2/21/19 9:55,11.56,8.58,0,0
288,2/21/19 10:05,11.56,8.58,0,0
289,2/21/19 10:15,11.55,8.58,0,0
290,2/21/19 10:25,11.56,8.6,0,0
291,2/21/19 10:35,11.55,8.58,0,0
292,2/21/19 10:45,11.58,8.58,0,0
293,2/21/19 10:55,11.57,8.56,0,0
294,2/21/19 11:05,11.59,8.56,0,0
295,2/21/19 11:15,11.57,8.54,0,0
296,2/21/19 11:25,11.58,8.54,0,0
297,2/21/19 11:35,11.55,8.54,0,0
298,2/21/19 11:45,11.54,8.56,0,0
299,2/21/19 11:55,11.52,8.56,0,0
300,2/21/19 12:05,11.54,8.58,0,0
301,2/21/19 12:15,11.5,8.6,0,0
302,2/21/19 12:25,11.52,8.62,0,0
303,2/21/19 12:35,11.52,8.64,0,0
304,2/21/19 12:45,11.53,8.64,0,0
305,2/21/19 12:55,11.54,8.66,0,0
306,2/21/19 13:05,11.55,8.66,0,0
307,2/21/19 13:15,11.56,8.68,0,0
308,2/21/19 13:25,11.56,8.7,0,0
309,2/21/19 13:35,11.56,8.72,0,0
310,2/21/19 13:45,11.54,8.74,0,0
311,2/21/19 13:55,11.55,8.74,0,0
312,2/21/19 14:05,11.56,8.76,0,0
313,2/21/19 14:15,11.55,8.76,0,0
314,2/21/19 14:25,11.56,8.76,0,0
315,2/21/19 14:35,11.57,8.76,0,0
316,2/21/19 14:45,11.56,8.76,0,0
317,2/21/19 14:55,11.56,8.76,0,0
318,2/21/19 15:05,11.56,8.76,0,0
319,2/21/19 15:15,11.56,8.78,0,0
320,2/21/19 15:25,11.56,8.78,0,0
321,2/21/19 15:35,11.56,8.78,0,0
322,2/21/19 15:45,11.58,8.78,0,0
323,2/21/19 15:55,11.56,8.78,0,0
324,2/21/19 16:05,11.56,8.8,0,0
325,2/21/19 16:15,11.56,8.8,0,0
326,2/21/19 16:25,11.55,8.78,0,0
327,2/21/19 16:35,11.56,8.78,0,0
328,2/21/19 16:45,11.56,8.78,0,0
329,2/21/19 16:55,11.55,8.76,0,0
330,2/21/19 17:05,11.56,8.76,0,0
331,2/21/19 17:15,11.56,8.76,0,0
332,2/21/19 17:25,11.55,8.76,0,0
333,2/21/19 17:35,11.55,8.76,0,0
334,2/21/19 17:45,11.55,8.76,0,0
335,2/21/19 17:55,11.54,8.76,0,0
336,2/21/19 18:05,11.54,8.76,0,0
337,2/21/19 18:15,11.54,8.76,0,0
338,2/21/19 18:25,11.54,8.76,0,0
339,2/21/19 18:35,11.54,8.74,0,0
340,2/21/19 18:45,11.56,8.72,0,0
341,2/21/19 18:55,11.55,8.7,0,0
342,2/21/19 19:05,11.56,8.7,0,0
343,2/21/19 19:15,11.57,8.68,0,0
344,2/21/19 19:25,11.55,8.66,0,0
345,2/21/19 19:35,11.57,8.66,0,0
346,2/21/19 19:45,11.59,8.64,0,0
347,2/21/19 19:55,11.58,8.64,0,0
348,2/21/19 20:05,11.58,8.64,0,0
349,2/21/19 20:15,11.59,8.62,0,0
350,2/21/19 20:25,11.58,8.62,0,0
351,2/21/19 20:35,11.58,8.62,0,0
352,2/21/19 20:45,11.58,8.62,0,0
353,2/21/19 20:55,11.58,8.62,0,0
354,2/21/19 21:05,11.58,8.62,0,0
355,2/21/19 21:15,11.59,8.62,0,0
356,2/21/19 21:25,11.58,8.62,0,0
357,2/21/19 21:35,11.57,8.62,0,0
358,2/21/19 21:45,11.58,8.62,0,0
359,2/21/19 21:55,11.58,8.62,0,0
360,2/21/19 22:05,11.59,8.62,0,0
361,2/21/19 22:15,11.6,8.62,0,0
362,2/21/19 22:25,11.58,8.62,0,0
363,2/21/19 22:35,11.57,8.62,0,0
364,2/21/19 22:45,11.58,8.62,0,0
365,2/21/19 22:55,11.59,8.64,0,0
366,2/21/19 23:05,11.58,8.64,0,0
367,2/21/19 23:15,11.58,8.64,0,0
368,2/21/19 23:25,11.58,8.64,0,0
369,2/21/19 23:35,11.59,8.64,0,0
370,2/21/19 23:45,11.6,8.6,0,0
371,2/21/19 23:55,11.64,8.54,0,0
372,2/22/19 0:05,11.65,8.46,0,0
373,2/22/19 0:15,11.68,8.4,0,0
374,2/22/19 0:25,11.73,8.34,0,0
375,2/22/19 0:35,11.74,8.3,0,0
376,2/22/19 0:45,11.74,8.26,0,0
377,2/22/19 0:55,11.75,8.24,0,0
378,2/22/19 1:05,11.75,8.22,0,0
379,2/22/19 1:15,11.76,8.2,0,0
380,2/22/19 1:25,11.76,8.2,0,0
381,2/22/19 1:35,11.75,8.2,0,0
382,2/22/19 1:45,11.73,8.22,0,0
383,2/22/19 1:55,11.72,8.24,0,0
384,2/22/19 2:05,11.72,8.26,0,0
385,2/22/19 2:15,11.72,8.28,0,0
386,2/22/19 2:25,11.72,8.3,0,0
387,2/22/19 2:35,11.71,8.3,0,0
388,2/22/19 2:45,11.7,8.34,0,0
389,2/22/19 2:55,11.67,8.36,0,0
390,2/22/19 3:05,11.66,8.38,0,0
391,2/22/19 3:15,11.64,8.4,0,0
392,2/22/19 3:25,11.64,8.44,0,0
393,2/22/19 3:35,11.63,8.46,0,0
394,2/22/19 3:45,11.62,8.48,0,0
395,2/22/19 3:55,11.62,8.5,0,0
396,2/22/19 4:05,11.6,8.52,0,0
397,2/22/19 4:15,11.59,8.52,0,0
398,2/22/19 4:25,11.59,8.52,0,0
399,2/22/19 4:35,11.59,8.52,0,0
400,2/22/19 4:45,11.59,8.54,0,0
401,2/22/19 4:55,11.58,8.54,0,0
402,2/22/19 5:05,11.58,8.56,0,0
403,2/22/19 5:15,11.57,8.56,0,0
404,2/22/19 5:25,11.58,8.56,0,0
405,2/22/19 5:35,11.56,8.58,0,0
406,2/22/19 5:45,11.56,8.58,0,0
407,2/22/19 5:55,11.56,8.58,0,0
408,2/22/19 6:05,11.56,8.6,0,0
409,2/22/19 6:15,11.56,8.6,0,0
410,2/22/19 6:25,11.55,8.58,0,0
411,2/22/19 6:35,11.55,8.58,0,0
412,2/22/19 6:45,11.55,8.58,0,0
413,2/22/19 6:55,11.56,8.58,0,0
414,2/22/19 7:05,11.55,8.58,0,0
415,2/22/19 7:15,11.55,8.6,0,0
416,2/22/19 7:25,11.54,8.6,0,0
417,2/22/19 7:35,11.53,8.6,0,0
418,2/22/19 7:45,11.54,8.62,0,0
419,2/22/19 7:55,11.53,8.62,0,0
420,2/22/19 8:05,11.52,8.62,0,0
421,2/22/19 8:15,11.52,8.64,0,0
422,2/22/19 8:25,11.53,8.64,0,0
423,2/22/19 8:35,11.52,8.64,0,0
424,2/22/19 8:45,11.52,8.64,0,0
425,2/22/19 8:55,11.54,8.64,0,0
426,2/22/19 9:05,11.52,8.64,0,0
427,2/22/19 9:15,11.53,8.64,0,0
428,2/22/19 9:25,11.52,8.66,0,0
429,2/22/19 9:35,11.51,8.66,0,0
430,2/22/19 9:45,11.52,8.66,0,0
431,2/22/19 9:55,11.51,8.66,0,0
432,2/22/19 10:05,11.51,8.68,0,0
433,2/22/19 10:15,11.5,8.68,0,0
434,2/22/19 10:25,11.51,8.7,0,0
435,2/22/19 10:35,11.5,8.7,0,0
436,2/22/19 10:45,11.5,8.72,0,0
437,2/22/19 10:55,11.5,8.72,0,0
438,2/22/19 11:05,11.51,8.74,0,0
439,2/22/19 11:15,11.48,8.74,0,0
440,2/22/19 11:25,11.48,8.76,0,0
441,2/22/19 11:35,11.48,8.76,0,0
442,2/22/19 11:45,11.48,8.76,0,0
443,2/22/19 11:55,11.49,8.76,0,0
444,2/22/19 12:05,11.48,8.76,0,0
445,2/22/19 12:15,11.49,8.76,0,0
446,2/22/19 12:25,11.51,8.74,0,0
447,2/22/19 12:35,11.53,8.68,0,0
448,2/22/19 12:45,11.57,8.52,0,0
449,2/22/19 12:55,11.72,7.7,0,0
450,2/22/19 13:05,11.97,6.7,0,0
451,2/22/19 13:15,12.64,6.08,0,0
452,2/22/19 13:25,11.98,7.74,0,0
453,2/22/19 13:35,11.85,8.1,0,0
454,2/22/19 13:45,11.77,8.24,0,0
455,2/22/19 13:55,11.74,8.32,0,0
456,2/22/19 14:05,11.7,8.38,0,0
457,2/22/19 14:15,11.68,8.42,0,0
458,2/22/19 14:25,11.67,8.46,0,0
459,2/22/19 14:35,11.65,8.48,0,0
460,2/22/19 14:45,11.65,8.5,0,0
461,2/22/19 14:55,11.65,8.56,0,0
462,2/22/19 15:05,11.64,8.58,0,0
463,2/22/19 15:15,11.6,8.62,0,0
464,2/22/19 15:25,11.62,8.64,0,0
465,2/22/19 15:35,11.61,8.66,0,0
466,2/22/19 15:45,11.62,8.66,0,0
467,2/22/19 15:55,11.62,8.68,0,0
468,2/22/19 16:05,11.61,8.7,0,0
469,2/22/19 16:15,11.61,8.7,0,0
470,2/22/19 16:25,11.61,8.7,0,0
471,2/22/19 16:35,11.61,8.72,0,0
472,2/22/19 16:45,11.59,8.72,0,0
473,2/22/19 16:55,11.61,8.74,0,0
474,2/22/19 17:05,11.59,8.76,0,0
475,2/22/19 17:15,11.59,8.76,0,0
476,2/22/19 17:25,11.58,8.76,0,0
477,2/22/19 17:35,11.58,8.76,0,0
478,2/22/19 17:45,11.58,8.76,0,0
479,2/22/19 17:55,11.59,8.76,0,0
480,2/22/19 18:05,11.58,8.76,0,0
481,2/22/19 18:15,11.57,8.74,0,0
482,2/22/19 18:25,11.57,8.74,0,0
483,2/22/19 18:35,11.59,8.74,0,0
484,2/22/19 18:45,11.57,8.74,0,0
485,2/22/19 18:55,11.56,8.74,0,0
486,2/22/19 19:05,11.59,8.72,0,0
487,2/22/19 19:15,11.58,8.72,0,0
488,2/22/19 19:25,11.57,8.7,0,0
489,2/22/19 19:35,11.57,8.72,0,0
490,2/22/19 19:45,11.58,8.72,0,0
491,2/22/19 19:55,11.57,8.7,0,0
492,2/22/19 20:05,11.57,8.7,0,0
493,2/22/19 20:15,11.58,8.7,0,0
494,2/22/19 20:25,11.56,8.7,0,0
495,2/22/19 20:35,11.57,8.7,0,0
496,2/22/19 20:45,11.58,8.7,0,0
497,2/22/19 20:55,11.57,8.68,0,0
498,2/22/19 21:05,11.57,8.7,0,0
499,2/22/19 21:15,11.57,8.7,0,0
500,2/22/19 21:25,11.57,8.7,0,0
501,2/22/19 21:35,11.57,8.7,0,0
502,2/22/19 21:45,11.58,8.72,0,0
503,2/22/19 21:55,11.57,8.72,0,0
504,2/22/19 22:05,11.58,8.74,0,0
505,2/22/19 22:15,11.55,8.76,0,0
506,2/22/19 22:25,11.57,8.76,0,0
507,2/22/19 22:35,11.56,8.76,0,0
508,2/22/19 22:45,11.56,8.76,0,0
509,2/22/19 22:55,11.57,8.76,0,0
510,2/22/19 23:05,11.56,8.78,0,0
511,2/22/19 23:15,11.55,8.78,0,0
512,2/22/19 23:25,11.57,8.78,0,0
513,2/22/19 23:35,11.54,8.76,0,0
514,2/22/19 23:45,11.58,8.74,0,0
515,2/22/19 23:55,11.61,8.68,0,0
516,2/23/19 0:05,11.64,8.62,0,0
517,2/23/19 0:15,11.67,8.56,0,0
518,2/23/19 0:25,11.7,8.5,0,0
519,2/23/19 0:35,11.73,8.46,0,0
520,2/23/19 0:45,11.72,8.4,0,0
521,2/23/19 0:55,11.74,8.36,0,0
522,2/23/19 1:05,11.75,8.36,0,0
523,2/23/19 1:15,11.75,8.36,0,0
524,2/23/19 1:25,11.75,8.36,0,0
525,2/23/19 1:35,11.74,8.36,0,0
526,2/23/19 1:45,11.75,8.34,0,0
527,2/23/19 1:55,11.77,8.32,0,0
528,2/23/19 2:05,11.78,8.3,0,0
529,2/23/19 2:15,11.78,8.3,0,0
530,2/23/19 2:25,11.77,8.3,0,0
531,2/23/19 2:35,11.77,8.3,0,0
532,2/23/19 2:45,11.78,8.3,0,0
533,2/23/19 2:55,11.78,8.3,0,0
534,2/23/19 3:05,11.77,8.32,0,0
535,2/23/19 3:15,11.77,8.32,0,0
536,2/23/19 3:25,11.76,8.32,0,0
537,2/23/19 3:35,11.76,8.34,0,0
538,2/23/19 3:45,11.76,8.34,0,0
539,2/23/19 3:55,11.76,8.34,0,0
540,2/23/19 4:05,11.75,8.36,0,0
541,2/23/19 4:15,11.74,8.36,0,0
542,2/23/19 4:25,11.73,8.36,0,0
543,2/23/19 4:35,11.73,8.36,0,0
544,2/23/19 4:45,11.74,8.38,0,0
545,2/23/19 4:55,11.73,8.4,0,0
546,2/23/19 5:05,11.72,8.4,0,0
547,2/23/19 5:15,11.72,8.42,0,0
548,2/23/19 5:25,11.7,8.44,0,0
549,2/23/19 5:35,11.71,8.46,0,0
550,2/23/19 5:45,11.68,8.46,0,0
551,2/23/19 5:55,11.68,8.46,0,0
552,2/23/19 6:05,11.71,8.48,0,0
553,2/23/19 6:15,11.68,8.48,0,0
554,2/23/19 6:25,11.7,8.48,0,0
555,2/23/19 6:35,11.68,8.48,0,0
556,2/23/19 6:45,11.7,8.48,0,0
557,2/23/19 6:55,11.7,8.48,0,0
558,2/23/19 7:05,11.68,8.48,0,0
559,2/23/19 7:15,11.68,8.5,0,0
560,2/23/19 7:25,11.66,8.5,0,0
561,2/23/19 7:35,11.65,8.52,0,0
562,2/23/19 7:45,11.7,8.52,0,0
563,2/23/19 7:55,11.68,8.5,0,0
564,2/23/19 8:05,11.68,8.5,0,0
565,2/23/19 8:15,11.67,8.52,0,0
566,2/23/19 8:25,11.66,8.54,0,0
567,2/23/19 8:35,11.66,8.56,0,0
568,2/23/19 8:45,11.66,8.56,0,0
569,2/23/19 8:55,11.65,8.58,0,0
570,2/23/19 9:05,11.65,8.58,0,0
571,2/23/19 9:15,11.64,8.6,0,0
572,2/23/19 9:25,11.65,8.62,0,0
573,2/23/19 9:35,11.64,8.62,0,0
574,2/23/19 9:45,11.65,8.64,0,0
575,2/23/19 9:55,11.64,8.64,0,0
576,2/23/19 10:05,11.63,8.66,0,0
577,2/23/19 10:15,11.66,8.66,0,0
578,2/23/19 10:25,11.66,8.68,0,0
579,2/23/19 10:35,11.67,8.68,0,0
580,2/23/19 10:45,11.66,8.7,0,0
581,2/23/19 10:55,11.67,8.7,0,0
582,2/23/19 11:05,11.68,8.7,0,0
583,2/23/19 11:15,11.67,8.7,0,0
584,2/23/19 11:25,11.67,8.7,0,0
585,2/23/19 11:35,11.7,8.7,0,0
586,2/23/19 11:45,11.7,8.7,0,0
587,2/23/19 11:55,11.68,8.68,0,0
588,2/23/19 12:05,11.7,8.68,0,0
589,2/23/19 12:15,11.7,8.68,0,0
590,2/23/19 12:25,11.71,8.7,0,0
591,2/23/19 12:35,11.71,8.7,0,0
592,2/23/19 12:45,11.71,8.7,0,0
593,2/23/19 12:55,11.73,8.68,0,0
594,2/23/19 13:05,11.73,8.68,0,0
595,2/23/19 13:15,11.73,8.68,0,0
596,2/23/19 13:25,11.74,8.66,0,0
597,2/23/19 13:35,11.75,8.66,0,0
598,2/23/19 13:45,11.75,8.64,0,0
599,2/23/19 13:55,11.75,8.64,0,0
600,2/23/19 14:05,11.75,8.64,0,0
601,2/23/19 14:15,11.74,8.64,0,0
602,2/23/19 14:25,11.75,8.64,0,0
603,2/23/19 14:35,11.76,8.64,0,0
604,2/23/19 14:45,11.75,8.64,0,0
605,2/23/19 14:55,11.75,8.66,0,0
606,2/23/19 15:05,11.75,8.66,0,0
607,2/23/19 15:15,11.75,8.66,0,0
608,2/23/19 15:25,11.76,8.66,0,0
609,2/23/19 15:35,11.76,8.66,0,0
610,2/23/19 15:45,11.76,8.66,0,0
611,2/23/19 15:55,11.75,8.66,0,0
612,2/23/19 16:05,11.77,8.64,0,0
613,2/23/19 16:15,11.76,8.64,0,0
614,2/23/19 16:25,11.75,8.64,0,0
615,2/23/19 16:35,11.74,8.64,0,0
616,2/23/19 16:45,11.75,8.64,0,0
617,2/23/19 16:55,11.75,8.64,0,0
618,2/23/19 17:05,11.74,8.64,0,0
619,2/23/19 17:15,11.75,8.62,0,0
620,2/23/19 17:25,11.74,8.62,0,0
621,2/23/19 17:35,11.75,8.6,0,0
622,2/23/19 17:45,11.74,8.6,0,0
623,2/23/19 17:55,11.73,8.58,0,0
624,2/23/19 18:05,11.75,8.58,0,0
625,2/23/19 18:15,11.74,8.56,0,0
626,2/23/19 18:25,11.74,8.56,0,0
627,2/23/19 18:35,11.72,8.56,0,0
628,2/23/19 18:45,11.71,8.56,0,0
629,2/23/19 18:55,11.71,8.56,0,0
630,2/23/19 19:05,11.72,8.56,0,0
631,2/23/19 19:15,11.7,8.56,0,0
632,2/23/19 19:25,11.7,8.56,0,0
633,2/23/19 19:35,11.67,8.56,0,0
634,2/23/19 19:45,11.68,8.56,0,0
635,2/23/19 19:55,11.67,8.56,0,0
636,2/23/19 20:05,11.68,8.56,0,0
637,2/23/19 20:15,11.68,8.56,0,0
638,2/23/19 20:25,11.67,8.56,0,0
639,2/23/19 20:35,11.68,8.56,0,0
640,2/23/19 20:45,11.68,8.56,0,0
641,2/23/19 20:55,11.68,8.58,0,0
642,2/23/19 21:05,11.66,8.58,0,0
643,2/23/19 21:15,11.67,8.58,0,0
644,2/23/19 21:25,11.67,8.58,0,0
645,2/23/19 21:35,11.67,8.58,0,0
646,2/23/19 21:45,11.67,8.58,0,0
647,2/23/19 21:55,11.67,8.58,0,0
648,2/23/19 22:05,11.67,8.58,0,0
649,2/23/19 22:15,11.67,8.58,0,0
650,2/23/19 22:25,11.67,8.58,0,0
651,2/23/19 22:35,11.67,8.58,0,0
652,2/23/19 22:45,11.67,8.58,0,0
653,2/23/19 22:55,11.67,8.56,0,0
654,2/23/19 23:05,11.67,8.56,0,0
655,2/23/19 23:15,11.67,8.56,0,0
656,2/23/19 23:25,11.67,8.54,0,0
657,2/23/19 23:35,11.68,8.54,0,0
658,2/23/19 23:45,11.67,8.52,0,0
659,2/23/19 23:55,11.68,8.52,0,0
660,2/24/19 0:05,11.67,8.52,0,0
661,2/24/19 0:15,11.67,8.52,0,0
662,2/24/19 0:25,11.7,8.52,0,0
663,2/24/19 0:35,11.68,8.52,0,0
664,2/24/19 0:45,11.66,8.52,0,0
665,2/24/19 0:55,11.67,8.52,0,0
666,2/24/19 1:05,11.67,8.52,0,0
667,2/24/19 1:15,11.67,8.52,0,0
668,2/24/19 1:25,11.67,8.52,0,0
669,2/24/19 1:35,11.68,8.52,0,0
670,2/24/19 1:45,11.67,8.5,0,0
671,2/24/19 1:55,11.68,8.48,0,0
672,2/24/19 2:05,11.7,8.48,0,0
673,2/24/19 2:15,11.72,8.46,0,0
674,2/24/19 2:25,11.73,8.44,0,0
675,2/24/19 2:35,11.74,8.4,0,0
676,2/24/19 2:45,11.74,8.38,0,0
677,2/24/19 2:55,11.74,8.38,0,0
678,2/24/19 3:05,11.74,8.38,0,0
679,2/24/19 3:15,11.74,8.38,0,0
680,2/24/19 3:25,11.73,8.38,0,0
681,2/24/19 3:35,11.75,8.38,0,0
682,2/24/19 3:45,11.74,8.38,0,0
683,2/24/19 3:55,11.74,8.38,0,0
684,2/24/19 4:05,11.73,8.38,0,0
685,2/24/19 4:15,11.72,8.4,0,0
686,2/24/19 4:25,11.73,8.4,0,0
687,2/24/19 4:35,11.72,8.4,0,0
688,2/24/19 4:45,11.72,8.42,0,0
689,2/24/19 4:55,11.72,8.42,0,0
690,2/24/19 5:05,11.71,8.42,0,0
691,2/24/19 5:15,11.7,8.42,0,0
692,2/24/19 5:25,11.68,8.44,0,0
693,2/24/19 5:35,11.68,8.44,0,0
694,2/24/19 5:45,11.67,8.44,0,0
695,2/24/19 5:55,11.66,8.46,0,0
696,2/24/19 6:05,11.66,8.46,0,0
697,2/24/19 6:15,11.67,8.46,0,0
698,2/24/19 6:25,11.66,8.46,0,0
699,2/24/19 6:35,11.68,8.46,0,0
700,2/24/19 6:45,11.68,8.46,0,0
701,2/24/19 6:55,11.68,8.48,0,0
702,2/24/19 7:05,11.68,8.48,0,0
703,2/24/19 7:15,11.67,8.48,0,0
704,2/24/19 7:25,11.66,8.48,0,0
705,2/24/19 7:35,11.67,8.5,0,0
706,2/24/19 7:45,11.66,8.5,0,0
707,2/24/19 7:55,11.66,8.5,0,0
708,2/24/19 8:05,11.67,8.5,0,0
709,2/24/19 8:15,11.66,8.5,0,0
710,2/24/19 8:25,11.66,8.5,0,0
711,2/24/19 8:35,11.65,8.48,0,0
712,2/24/19 8:45,11.66,8.48,0,0
713,2/24/19 8:55,11.65,8.48,0,0
714,2/24/19 9:05,11.66,8.48,0,0
715,2/24/19 9:15,11.65,8.48,0,0
716,2/24/19 9:25,11.66,8.48,0,0
717,2/24/19 9:35,11.66,8.48,0,0
718,2/24/19 9:45,11.67,8.48,0,0
719,2/24/19 9:55,11.64,8.46,0,0
720,2/24/19 10:05,11.66,8.46,0,0
721,2/24/19 10:15,11.66,8.46,0,0
722,2/24/19 10:25,11.66,8.48,0,0
723,2/24/19 10:35,11.65,8.48,0,0
724,2/24/19 10:45,11.67,8.48,0,0
725,2/24/19 10:55,11.65,8.48,0,0
726,2/24/19 11:05,11.68,8.5,0,0
727,2/24/19 11:15,11.66,8.5,0,0
728,2/24/19 11:25,11.67,8.5,0,0
729,2/24/19 11:35,11.68,8.5,0,0
730,2/24/19 11:45,11.67,8.52,0,0
731,2/24/19 11:55,11.66,8.52,0,0
732,2/24/19 12:05,11.67,8.52,0,0
733,2/24/19 12:15,11.68,8.52,0,0
734,2/24/19 12:25,11.67,8.54,0,0
735,2/24/19 12:35,11.67,8.52,0,0
736,2/24/19 12:45,11.68,8.54,0,0
737,2/24/19 12:55,11.67,8.52,0,0
738,2/24/19 13:05,11.7,8.5,0,0
739,2/24/19 13:15,11.71,8.48,0,0
740,2/24/19 13:25,11.73,8.46,0,0
741,2/24/19 13:35,11.73,8.44,0,0
742,2/24/19 13:45,11.74,8.44,0,0
743,2/24/19 13:55,11.73,8.42,0,0
744,2/24/19 14:05,11.76,8.38,0,0
745,2/24/19 14:15,11.76,8.36,0,0
746,2/24/19 14:25,11.79,8.34,0,0
747,2/24/19 14:35,11.81,8.28,0,0
748,2/24/19 14:45,11.83,8.22,0,0
749,2/24/19 14:55,11.84,8.18,0,0
750,2/24/19 15:05,11.86,8.14,0,0
751,2/24/19 15:15,11.85,8.14,0,0
752,2/24/19 15:25,11.84,8.16,0,0
753,2/24/19 15:35,11.84,8.18,0,0
754,2/24/19 15:45,11.79,8.24,0,0
755,2/24/19 15:55,11.8,8.28,0,0
756,2/24/19 16:05,11.76,8.32,0,0
757,2/24/19 16:15,11.77,8.36,0,0
758,2/24/19 16:25,11.76,8.38,0,0
759,2/24/19 16:35,11.76,8.4,0,0
760,2/24/19 16:45,11.75,8.42,0,0
761,2/24/19 16:55,11.73,8.44,0,0
762,2/24/19 17:05,11.73,8.46,0,0
763,2/24/19 17:15,11.73,8.46,0,0
764,2/24/19 17:25,11.72,8.48,0,0
765,2/24/19 17:35,11.72,8.48,0,0
766,2/24/19 17:45,11.7,8.5,0,0
767,2/24/19 17:55,11.7,8.52,0,0
768,2/24/19 18:05,11.67,8.52,0,0
769,2/24/19 18:15,11.68,8.54,0,0
770,2/24/19 18:25,11.67,8.54,0,0
771,2/24/19 18:35,11.66,8.54,0,0
772,2/24/19 18:45,11.66,8.56,0,0
773,2/24/19 18:55,11.65,8.56,0,0
774,2/24/19 19:05,11.65,8.56,0,0
775,2/24/19 19:15,11.65,8.56,0,0
776,2/24/19 19:25,11.65,8.56,0,0
777,2/24/19 19:35,11.64,8.56,0,0
778,2/24/19 19:45,11.66,8.56,0,0
779,2/24/19 19:55,11.63,8.56,0,0
780,2/24/19 20:05,11.63,8.56,0,0
781,2/24/19 20:15,11.66,8.56,0,0
782,2/24/19 20:25,11.65,8.56,0,0
783,2/24/19 20:35,11.65,8.56,0,0
784,2/24/19 20:45,11.65,8.54,0,0
785,2/24/19 20:55,11.63,8.54,0,0
786,2/24/19 21:05,11.64,8.54,0,0
787,2/24/19 21:15,11.65,8.54,0,0
788,2/24/19 21:25,11.64,8.54,0,0
789,2/24/19 21:35,11.64,8.54,0,0
790,2/24/19 21:45,11.65,8.54,0,0
791,2/24/19 21:55,11.65,8.54,0,0
792,2/24/19 22:05,11.63,8.52,0,0
793,2/24/19 22:15,11.64,8.52,0,0
794,2/24/19 22:25,11.65,8.52,0,0
795,2/24/19 22:35,11.62,8.52,0,0
796,2/24/19 22:45,11.64,8.52,0,0
797,2/24/19 22:55,11.64,8.52,0,0
798,2/24/19 23:05,11.63,8.52,0,0
799,2/24/19 23:15,11.63,8.52,0,0
800,2/24/19 23:25,11.64,8.52,0,0
801,2/24/19 23:35,11.64,8.5,0,0
802,2/24/19 23:45,11.64,8.5,0,0
803,2/24/19 23:55,11.65,8.5,0,0
804,2/25/19 0:05,11.64,8.5,0,0
805,2/25/19 0:15,11.64,8.48,0,0
806,2/25/19 0:25,11.65,8.46,0,0
807,2/25/19 0:35,11.68,8.42,0,0
808,2/25/19 0:45,11.72,8.34,0,0
809,2/25/19 0:55,11.76,8.26,0,0
810,2/25/19 1:05,11.78,8.2,0,0
811,2/25/19 1:15,11.78,8.16,0,0
812,2/25/19 1:25,11.8,8.14,0,0
813,2/25/19 1:35,11.8,8.1,0,0
814,2/25/19 1:45,11.81,8.08,0,0
815,2/25/19 1:55,11.81,8.08,0,0
816,2/25/19 2:05,11.8,8.08,0,0
817,2/25/19 2:15,11.79,8.08,0,0
818,2/25/19 2:25,11.79,8.08,0,0
819,2/25/19 2:35,11.81,8.06,0,0
820,2/25/19 2:45,11.83,8.04,0,0
821,2/25/19 2:55,11.85,8,0,0
822,2/25/19 3:05,11.84,8,0,0
823,2/25/19 3:15,11.85,7.98,0,0
824,2/25/19 3:25,11.84,7.98,0,0
825,2/25/19 3:35,11.85,7.98,0,0
826,2/25/19 3:45,11.84,7.98,0,0
827,2/25/19 3:55,11.83,8,0,0
828,2/25/19 4:05,11.83,8,0,0
829,2/25/19 4:15,11.83,8,0,0
830,2/25/19 4:25,11.82,8.02,0,0
831,2/25/19 4:35,11.82,8.02,0,0
832,2/25/19 4:45,11.81,8.04,0,0
833,2/25/19 4:55,11.81,8.04,0,0
834,2/25/19 5:05,11.81,8.06,0,0
835,2/25/19 5:15,11.8,8.06,0,0
836,2/25/19 5:25,11.78,8.08,0,0
837,2/25/19 5:35,11.76,8.1,0,0
838,2/25/19 5:45,11.77,8.12,0,0
839,2/25/19 5:55,11.74,8.14,0,0
840,2/25/19 6:05,11.74,8.16,0,0
841,2/25/19 6:15,11.73,8.18,0,0
842,2/25/19 6:25,11.73,8.18,0,0
843,2/25/19 6:35,11.72,8.2,0,0
844,2/25/19 6:45,11.71,8.22,0,0
845,2/25/19 6:55,11.71,8.22,0,0
846,2/25/19 7:05,11.71,8.22,0,0
847,2/25/19 7:15,11.7,8.22,0,0
848,2/25/19 7:25,11.7,8.22,0,0
849,2/25/19 7:35,11.7,8.22,0,0
850,2/25/19 7:45,11.68,8.22,0,0
851,2/25/19 7:55,11.71,8.24,0,0
852,2/25/19 8:05,11.7,8.24,0,0
853,2/25/19 8:15,11.7,8.24,0,0
854,2/25/19 8:25,11.7,8.26,0,0
855,2/25/19 8:35,11.67,8.26,0,0
856,2/25/19 8:45,11.68,8.26,0,0
857,2/25/19 8:55,11.68,8.28,0,0
858,2/25/19 9:05,11.67,8.28,0,0
859,2/25/19 9:15,11.68,8.3,0,0
860,2/25/19 9:25,11.68,8.3,0,0
861,2/25/19 9:35,11.68,8.32,0,0
862,2/25/19 9:45,11.67,8.32,0,0
863,2/25/19 9:55,11.67,8.34,0,0