Number,"Date Time, GMT-07:00","DO conc, mg/L (LGR S/N: 20454092, SEN S/N: 20454092)","Temp, °C (LGR S/N: 20454092, SEN S/N: 20454092)","DO Adj Conc, mg/L (LGR S/N: 20454092)","DO Percent Sat, % (LGR S/N: 20454092)"
1,4/2/19 10:15,10.9,10.06,0,0
2,4/2/19 10:25,11.46,8.98,0,0
3,4/2/19 10:35,11.52,8.84,0,0
4,4/2/19 10:45,11.53,8.82,0,0
5,4/2/19 10:55,11.53,8.84,0,0
6,4/2/19 11:05,11.53,8.84,0,0
7,4/2/19 11:15,11.53,8.86,0,0
8,4/2/19 11:25,11.53,8.86,0,0
9,4/2/19 11:35,11.53,8.88,0,0
10,4/2/19 11:45,11.52,8.9,0,0
11,4/2/19 11:55,11.52,8.92,0,0
12,4/2/19 12:05,11.52,8.94,0,0
13,4/2/19 12:15,11.51,8.96,0,0
14,4/2/19 12:25,11.51,8.98,0,0
15,4/2/19 12:35,11.5,9,0,0
16,4/2/19 12:45,11.5,9,0,0
17,4/2/19 12:55,11.49,9,0,0
18,4/2/19 13:05,11.49,9,0,0
19,4/2/19 13:15,11.49,9,0,0
20,4/2/19 13:25,11.49,9,0,0
21,4/2/19 13:35,11.49,9.02,0,0
22,4/2/19 13:45,11.49,9.02,0,0
23,4/2/19 13:55,11.48,9.04,0,0
24,4/2/19 14:05,11.49,9.04,0,0
25,4/2/19 14:15,11.47,9.06,0,0
26,4/2/19 14:25,11.47,9.06,0,0
27,4/2/19 14:35,11.47,9.08,0,0
28,4/2/19 14:45,11.47,9.08,0,0
29,4/2/19 14:55,11.47,9.08,0,0
30,4/2/19 15:05,11.47,9.06,0,0
31,4/2/19 15:15,11.48,9.06,0,0
32,4/2/19 15:25,11.47,9.06,0,0
33,4/2/19 15:35,11.46,9.04,0,0
34,4/2/19 15:45,11.47,9.04,0,0
35,4/2/19 15:55,11.47,9.02,0,0
36,4/2/19 16:05,11.47,9,0,0
37,4/2/19 16:15,11.48,8.98,0,0
38,4/2/19 16:25,11.48,8.96,0,0
39,4/2/19 16:35,11.48,8.94,0,0
40,4/2/19 16:45,11.48,8.92,0,0
41,4/2/19 16:55,11.48,8.9,0,0
42,4/2/19 17:05,11.49,8.88,0,0
43,4/2/19 17:15,11.49,8.88,0,0
44,4/2/19 17:25,11.49,8.88,0,0
45,4/2/19 17:35,11.5,8.88,0,0
46,4/2/19 17:45,11.5,8.86,0,0
47,4/2/19 17:55,11.49,8.86,0,0
48,4/2/19 18:05,11.5,8.86,0,0
49,4/2/19 18:15,11.5,8.86,0,0
50,4/2/19 18:25,11.49,8.86,0,0
51,4/2/19 18:35,11.5,8.84,0,0
52,4/2/19 18:45,11.49,8.84,0,0
53,4/2/19 18:55,11.49,8.84,0,0
54,4/2/19 19:05,11.49,8.84,0,0
55,4/2/19 19:15,11.48,8.84,0,0
56,4/2/19 19:25,11.48,8.82,0,0
57,4/2/19 19:35,11.49,8.82,0,0
58,4/2/19 19:45,11.49,8.82,0,0
59,4/2/19 19:55,11.49,8.82,0,0
60,4/2/19 20:05,11.48,8.82,0,0
61,4/2/19 20:15,11.49,8.8,0,0
62,4/2/19 20:25,11.48,8.8,0,0
63,4/2/19 20:35,11.5,8.8,0,0
64,4/2/19 20:45,11.5,8.78,0,0
65,4/2/19 20:55,11.5,8.78,0,0
66,4/2/19 21:05,11.5,8.78,0,0
67,4/2/19 21:15,11.5,8.78,0,0
68,4/2/19 21:25,11.49,8.78,0,0
69,4/2/19 21:35,11.49,8.78,0,0
70,4/2/19 21:45,11.49,8.78,0,0
71,4/2/19 21:55,11.48,8.8,0,0
72,4/2/19 22:05,11.48,8.8,0,0
73,4/2/19 22:15,11.48,8.82,0,0
74,4/2/19 22:25,11.49,8.84,0,0
75,4/2/19 22:35,11.46,8.86,0,0
76,4/2/19 22:45,11.47,8.86,0,0
77,4/2/19 22:55,11.48,8.86,0,0
78,4/2/19 23:05,11.46,8.86,0,0
79,4/2/19 23:15,11.47,8.86,0,0
80,4/2/19 23:25,11.48,8.86,0,0
81,4/2/19 23:35,11.47,8.86,0,0
82,4/2/19 23:45,11.47,8.86,0,0
83,4/2/19 23:55,11.48,8.86,0,0
84,4/3/19 0:05,11.48,8.86,0,0
85,4/3/19 0:15,11.48,8.86,0,0
86,4/3/19 0:25,11.48,8.86,0,0
87,4/3/19 0:35,11.48,8.84,0,0
88,4/3/19 0:45,11.48,8.84,0,0
89,4/3/19 0:55,11.48,8.82,0,0
90,4/3/19 1:05,11.5,8.82,0,0
91,4/3/19 1:15,11.5,8.82,0,0
92,4/3/19 1:25,11.49,8.82,0,0
93,4/3/19 1:35,11.49,8.82,0,0
94,4/3/19 1:45,11.49,8.82,0,0
95,4/3/19 1:55,11.49,8.82,0,0
96,4/3/19 2:05,11.5,8.82,0,0
97,4/3/19 2:15,11.5,8.8,0,0
98,4/3/19 2:25,11.5,8.82,0,0
99,4/3/19 2:35,11.5,8.82,0,0
100,4/3/19 2:45,11.49,8.82,0,0
101,4/3/19 2:55,11.5,8.82,0,0
102,4/3/19 3:05,11.49,8.82,0,0
103,4/3/19 3:15,11.5,8.82,0,0
104,4/3/19 3:25,11.49,8.8,0,0
105,4/3/19 3:35,11.49,8.78,0,0
106,4/3/19 3:45,11.49,8.76,0,0
107,4/3/19 3:55,11.5,8.76,0,0
108,4/3/19 4:05,11.5,8.76,0,0
109,4/3/19 4:15,11.5,8.76,0,0
110,4/3/19 4:25,11.5,8.76,0,0
111,4/3/19 4:35,11.49,8.76,0,0
112,4/3/19 4:45,11.5,8.76,0,0
113,4/3/19 4:55,11.5,8.76,0,0
114,4/3/19 5:05,11.5,8.76,0,0
115,4/3/19 5:15,11.51,8.76,0,0
116,4/3/19 5:25,11.5,8.76,0,0
117,4/3/19 5:35,11.5,8.76,0,0
118,4/3/19 5:45,11.51,8.76,0,0
119,4/3/19 5:55,11.5,8.76,0,0
120,4/3/19 6:05,11.5,8.76,0,0
121,4/3/19 6:15,11.5,8.76,0,0
122,4/3/19 6:25,11.49,8.76,0,0
123,4/3/19 6:35,11.5,8.76,0,0
124,4/3/19 6:45,11.49,8.76,0,0
125,4/3/19 6:55,11.5,8.76,0,0
126,4/3/19 7:05,11.5,8.76,0,0
127,4/3/19 7:15,11.5,8.78,0,0
128,4/3/19 7:25,11.48,8.78,0,0
129,4/3/19 7:35,11.49,8.78,0,0
130,4/3/19 7:45,11.5,8.78,0,0
131,4/3/19 7:55,11.49,8.8,0,0
132,4/3/19 8:05,11.49,8.8,0,0
133,4/3/19 8:15,11.5,8.8,0,0
134,4/3/19 8:25,11.49,8.8,0,0
135,4/3/19 8:35,11.49,8.82,0,0
136,4/3/19 8:45,11.49,8.82,0,0
137,4/3/19 8:55,11.49,8.82,0,0
138,4/3/19 9:05,11.48,8.82,0,0
139,4/3/19 9:15,11.5,8.82,0,0
140,4/3/19 9:25,11.49,8.84,0,0
141,4/3/19 9:35,11.48,8.86,0,0
142,4/3/19 9:45,11.5,8.88,0,0
143,4/3/19 9:55,11.49,8.9,0,0
144,4/3/19 10:05,11.49,8.92,0,0
145,4/3/19 10:15,11.49,8.94,0,0
146,4/3/19 10:25,11.49,8.96,0,0
147,4/3/19 10:35,11.49,8.96,0,0
148,4/3/19 10:45,11.48,8.98,0,0
149,4/3/19 10:55,11.5,9,0,0
150,4/3/19 11:05,11.48,9,0,0
151,4/3/19 11:15,11.48,9.02,0,0
152,4/3/19 11:25,11.48,9.02,0,0
153,4/3/19 11:35,11.48,9.02,0,0
154,4/3/19 11:45,11.48,9.02,0,0
155,4/3/19 11:55,11.48,9.02,0,0
156,4/3/19 12:05,11.48,9.02,0,0
157,4/3/19 12:15,11.48,9.04,0,0
158,4/3/19 12:25,11.47,9.04,0,0
159,4/3/19 12:35,11.48,9.06,0,0
160,4/3/19 12:45,11.48,9.06,0,0
161,4/3/19 12:55,11.47,9.06,0,0
162,4/3/19 13:05,11.47,9.08,0,0
163,4/3/19 13:15,11.47,9.08,0,0
164,4/3/19 13:25,11.48,9.08,0,0
165,4/3/19 13:35,11.48,9.08,0,0
166,4/3/19 13:45,11.49,9.08,0,0
167,4/3/19 13:55,11.49,9.06,0,0
168,4/3/19 14:05,11.5,9.06,0,0
169,4/3/19 14:15,11.5,9.06,0,0
170,4/3/19 14:25,11.51,9.06,0,0
171,4/3/19 14:35,11.51,9.06,0,0
172,4/3/19 14:45,11.52,9.04,0,0
173,4/3/19 14:55,11.51,9.04,0,0
174,4/3/19 15:05,11.52,9.04,0,0
175,4/3/19 15:15,11.51,9.02,0,0
176,4/3/19 15:25,11.51,9,0,0
177,4/3/19 15:35,11.52,9,0,0
178,4/3/19 15:45,11.52,8.98,0,0
179,4/3/19 15:55,11.53,8.96,0,0
180,4/3/19 16:05,11.53,8.96,0,0
181,4/3/19 16:15,11.54,8.96,0,0
182,4/3/19 16:25,11.54,8.94,0,0
183,4/3/19 16:35,11.53,8.94,0,0
184,4/3/19 16:45,11.55,8.94,0,0
185,4/3/19 16:55,11.55,8.96,0,0
186,4/3/19 17:05,11.54,8.96,0,0
187,4/3/19 17:15,11.55,8.96,0,0
188,4/3/19 17:25,11.54,8.98,0,0
189,4/3/19 17:35,11.54,8.98,0,0
190,4/3/19 17:45,11.54,8.98,0,0
191,4/3/19 17:55,11.54,8.98,0,0
192,4/3/19 18:05,11.54,8.98,0,0
193,4/3/19 18:15,11.54,8.98,0,0
194,4/3/19 18:25,11.54,8.98,0,0
195,4/3/19 18:35,11.55,9,0,0
196,4/3/19 18:45,11.54,9,0,0
197,4/3/19 18:55,11.54,9.02,0,0
198,4/3/19 19:05,11.52,9.06,0,0
199,4/3/19 19:15,11.54,9.08,0,0
200,4/3/19 19:25,11.53,9.1,0,0
201,4/3/19 19:35,11.51,9.14,0,0
202,4/3/19 19:45,11.52,9.16,0,0
203,4/3/19 19:55,11.51,9.18,0,0
204,4/3/19 20:05,11.51,9.22,0,0
205,4/3/19 20:15,11.51,9.24,0,0
206,4/3/19 20:25,11.5,9.26,0,0
207,4/3/19 20:35,11.5,9.28,0,0
208,4/3/19 20:45,11.5,9.28,0,0
209,4/3/19 20:55,11.51,9.3,0,0
210,4/3/19 21:05,11.5,9.3,0,0
211,4/3/19 21:15,11.48,9.3,0,0
212,4/3/19 21:25,11.49,9.32,0,0
213,4/3/19 21:35,11.49,9.32,0,0
214,4/3/19 21:45,11.5,9.32,0,0
215,4/3/19 21:55,11.5,9.32,0,0
216,4/3/19 22:05,11.49,9.34,0,0
217,4/3/19 22:15,11.49,9.34,0,0
218,4/3/19 22:25,11.48,9.36,0,0
219,4/3/19 22:35,11.48,9.36,0,0
220,4/3/19 22:45,11.49,9.36,0,0
221,4/3/19 22:55,11.49,9.36,0,0
222,4/3/19 23:05,11.5,9.38,0,0
223,4/3/19 23:15,11.49,9.38,0,0
224,4/3/19 23:25,11.49,9.38,0,0
225,4/3/19 23:35,11.49,9.38,0,0
226,4/3/19 23:45,11.49,9.38,0,0
227,4/3/19 23:55,11.49,9.38,0,0
228,4/4/19 0:05,11.49,9.38,0,0
229,4/4/19 0:15,11.49,9.36,0,0
230,4/4/19 0:25,11.49,9.34,0,0
231,4/4/19 0:35,11.5,9.32,0,0
232,4/4/19 0:45,11.5,9.28,0,0
233,4/4/19 0:55,11.49,9.26,0,0
234,4/4/19 1:05,11.5,9.22,0,0
235,4/4/19 1:15,11.52,9.18,0,0
236,4/4/19 1:25,11.53,9.16,0,0
237,4/4/19 1:35,11.53,9.14,0,0
238,4/4/19 1:45,11.53,9.1,0,0
239,4/4/19 1:55,11.53,9.08,0,0
240,4/4/19 2:05,11.54,9.06,0,0
241,4/4/19 2:15,11.55,9.04,0,0
242,4/4/19 2:25,11.56,9.02,0,0
243,4/4/19 2:35,11.55,9,0,0
244,4/4/19 2:45,11.56,9,0,0
245,4/4/19 2:55,11.57,8.98,0,0
246,4/4/19 3:05,11.56,9,0,0
247,4/4/19 3:15,11.57,9,0,0
248,4/4/19 3:25,11.57,9,0,0
249,4/4/19 3:35,11.57,9,0,0
250,4/4/19 3:45,11.57,9.02,0,0
251,4/4/19 3:55,11.57,9.02,0,0
252,4/4/19 4:05,11.56,9.04,0,0
253,4/4/19 4:15,11.57,9.06,0,0
254,4/4/19 4:25,11.57,9.06,0,0
255,4/4/19 4:35,11.57,9.08,0,0
256,4/4/19 4:45,11.57,9.1,0,0
257,4/4/19 4:55,11.56,9.1,0,0
258,4/4/19 5:05,11.57,9.1,0,0
259,4/4/19 5:15,11.55,9.1,0,0
260,4/4/19 5:25,11.56,9.1,0,0
261,4/4/19 5:35,11.55,9.12,0,0
262,4/4/19 5:45,11.55,9.12,0,0
263,4/4/19 5:55,11.54,9.12,0,0
264,4/4/19 6:05,11.54,9.14,0,0
265,4/4/19 6:15,11.54,9.14,0,0
266,4/4/19 6:25,11.54,9.12,0,0
267,4/4/19 6:35,11.54,9.12,0,0
268,4/4/19 6:45,11.54,9.1,0,0
269,4/4/19 6:55,11.53,9.1,0,0
270,4/4/19 7:05,11.55,9.08,0,0
271,4/4/19 7:15,11.54,9.08,0,0
272,4/4/19 7:25,11.55,9.08,0,0
273,4/4/19 7:35,11.54,9.08,0,0
274,4/4/19 7:45,11.54,9.08,0,0
275,4/4/19 7:55,11.56,9.08,0,0
276,4/4/19 8:05,11.55,9.1,0,0
277,4/4/19 8:15,11.56,9.1,0,0
278,4/4/19 8:25,11.56,9.1,0,0
279,4/4/19 8:35,11.56,9.1,0,0
280,4/4/19 8:45,11.55,9.1,0,0
281,4/4/19 8:55,11.56,9.1,0,0
282,4/4/19 9:05,11.56,9.1,0,0
283,4/4/19 9:15,11.55,9.12,0,0
284,4/4/19 9:25,11.55,9.14,0,0
285,4/4/19 9:35,11.54,9.18,0,0
286,4/4/19 9:45,11.53,9.22,0,0
287,4/4/19 9:55,11.53,9.24,0,0
288,4/4/19 10:05,11.52,9.28,0,0
289,4/4/19 10:15,11.51,9.3,0,0
290,4/4/19 10:25,11.5,9.3,0,0
291,4/4/19 10:35,11.5,9.3,0,0
292,4/4/19 10:45,11.48,9.32,0,0
293,4/4/19 10:55,11.49,9.32,0,0
294,4/4/19 11:05,11.49,9.32,0,0
295,4/4/19 11:15,11.49,9.32,0,0
296,4/4/19 11:25,11.47,9.32,0,0
297,4/4/19 11:35,11.47,9.32,0,0
298,4/4/19 11:45,11.48,9.34,0,0
299,4/4/19 11:55,11.49,9.36,0,0
300,4/4/19 12:05,11.48,9.38,0,0
301,4/4/19 12:15,11.47,9.38,0,0
302,4/4/19 12:25,11.47,9.4,0,0
303,4/4/19 12:35,11.46,9.4,0,0
304,4/4/19 12:45,11.47,9.42,0,0
305,4/4/19 12:55,11.47,9.42,0,0
306,4/4/19 13:05,11.47,9.42,0,0
307,4/4/19 13:15,11.45,9.42,0,0
308,4/4/19 13:25,11.45,9.42,0,0
309,4/4/19 13:35,11.45,9.44,0,0
310,4/4/19 13:45,11.46,9.46,0,0
311,4/4/19 13:55,11.45,9.46,0,0
312,4/4/19 14:05,11.45,9.46,0,0
313,4/4/19 14:15,11.45,9.46,0,0
314,4/4/19 14:25,11.45,9.46,0,0
315,4/4/19 14:35,11.45,9.46,0,0
316,4/4/19 14:45,11.44,9.46,0,0
317,4/4/19 14:55,11.45,9.48,0,0
318,4/4/19 15:05,11.44,9.48,0,0
319,4/4/19 15:15,11.43,9.48,0,0
320,4/4/19 15:25,11.44,9.48,0,0
321,4/4/19 15:35,11.44,9.48,0,0
322,4/4/19 15:45,11.44,9.48,0,0
323,4/4/19 15:55,11.44,9.5,0,0
324,4/4/19 16:05,11.44,9.54,0,0
325,4/4/19 16:15,11.43,9.54,0,0
326,4/4/19 16:25,11.43,9.54,0,0
327,4/4/19 16:35,11.43,9.52,0,0
328,4/4/19 16:45,11.44,9.52,0,0
329,4/4/19 16:55,11.44,9.54,0,0
330,4/4/19 17:05,11.44,9.54,0,0
331,4/4/19 17:15,11.44,9.56,0,0
332,4/4/19 17:25,11.44,9.56,0,0
333,4/4/19 17:35,11.44,9.56,0,0
334,4/4/19 17:45,11.45,9.56,0,0
335,4/4/19 17:55,11.43,9.56,0,0
336,4/4/19 18:05,11.43,9.56,0,0
337,4/4/19 18:15,11.43,9.54,0,0
338,4/4/19 18:25,11.43,9.54,0,0
339,4/4/19 18:35,11.44,9.54,0,0
340,4/4/19 18:45,11.43,9.54,0,0
341,4/4/19 18:55,11.42,9.54,0,0
342,4/4/19 19:05,11.42,9.54,0,0
343,4/4/19 19:15,11.41,9.52,0,0
344,4/4/19 19:25,11.41,9.5,0,0
345,4/4/19 19:35,11.39,9.5,0,0
346,4/4/19 19:45,11.41,9.48,0,0
347,4/4/19 19:55,11.39,9.46,0,0
348,4/4/19 20:05,11.39,9.46,0,0
349,4/4/19 20:15,11.41,9.44,0,0
350,4/4/19 20:25,11.39,9.44,0,0
351,4/4/19 20:35,11.41,9.42,0,0
352,4/4/19 20:45,11.42,9.42,0,0
353,4/4/19 20:55,11.41,9.42,0,0
354,4/4/19 21:05,11.44,9.44,0,0
355,4/4/19 21:15,11.43,9.44,0,0
356,4/4/19 21:25,11.43,9.46,0,0
357,4/4/19 21:35,11.42,9.5,0,0
358,4/4/19 21:45,11.42,9.52,0,0
359,4/4/19 21:55,11.42,9.56,0,0
360,4/4/19 22:05,11.41,9.58,0,0
361,4/4/19 22:15,11.41,9.62,0,0
362,4/4/19 22:25,11.39,9.64,0,0
363,4/4/19 22:35,11.38,9.68,0,0
364,4/4/19 22:45,11.39,9.7,0,0
365,4/4/19 22:55,11.38,9.72,0,0
366,4/4/19 23:05,11.38,9.74,0,0
367,4/4/19 23:15,11.38,9.76,0,0
368,4/4/19 23:25,11.37,9.76,0,0
369,4/4/19 23:35,11.36,9.76,0,0
370,4/4/19 23:45,11.36,9.76,0,0
371,4/4/19 23:55,11.35,9.74,0,0
372,4/5/19 0:05,11.37,9.74,0,0
373,4/5/19 0:15,11.35,9.74,0,0
374,4/5/19 0:25,11.36,9.72,0,0
375,4/5/19 0:35,11.36,9.68,0,0
376,4/5/19 0:45,11.36,9.66,0,0
377,4/5/19 0:55,11.36,9.64,0,0
378,4/5/19 1:05,11.36,9.6,0,0
379,4/5/19 1:15,11.35,9.56,0,0
380,4/5/19 1:25,11.36,9.52,0,0
381,4/5/19 1:35,11.36,9.48,0,0
382,4/5/19 1:45,11.37,9.44,0,0
383,4/5/19 1:55,11.37,9.42,0,0
384,4/5/19 2:05,11.37,9.38,0,0
385,4/5/19 2:15,11.38,9.38,0,0
386,4/5/19 2:25,11.38,9.36,0,0
387,4/5/19 2:35,11.39,9.34,0,0
388,4/5/19 2:45,11.41,9.32,0,0
389,4/5/19 2:55,11.41,9.32,0,0
390,4/5/19 3:05,11.39,9.3,0,0
391,4/5/19 3:15,11.41,9.3,0,0
392,4/5/19 3:25,11.39,9.28,0,0
393,4/5/19 3:35,11.41,9.28,0,0
394,4/5/19 3:45,11.39,9.26,0,0
395,4/5/19 3:55,11.39,9.24,0,0
396,4/5/19 4:05,11.39,9.22,0,0
397,4/5/19 4:15,11.39,9.2,0,0
398,4/5/19 4:25,11.41,9.2,0,0
399,4/5/19 4:35,11.41,9.2,0,0
400,4/5/19 4:45,11.41,9.18,0,0
401,4/5/19 4:55,11.41,9.16,0,0
402,4/5/19 5:05,11.41,9.16,0,0
403,4/5/19 5:15,11.43,9.16,0,0
404,4/5/19 5:25,11.44,9.18,0,0
405,4/5/19 5:35,11.44,9.2,0,0
406,4/5/19 5:45,11.44,9.2,0,0
407,4/5/19 5:55,11.44,9.22,0,0
408,4/5/19 6:05,11.43,9.24,0,0
409,4/5/19 6:15,11.44,9.24,0,0
410,4/5/19 6:25,11.44,9.26,0,0
411,4/5/19 6:35,11.44,9.28,0,0
412,4/5/19 6:45,11.43,9.28,0,0
413,4/5/19 6:55,11.43,9.28,0,0
414,4/5/19 7:05,11.42,9.28,0,0
415,4/5/19 7:15,11.42,9.28,0,0
416,4/5/19 7:25,11.42,9.28,0,0
417,4/5/19 7:35,11.43,9.28,0,0
418,4/5/19 7:45,11.42,9.3,0,0
419,4/5/19 7:55,11.42,9.3,0,0
420,4/5/19 8:05,11.43,9.32,0,0
421,4/5/19 8:15,11.43,9.34,0,0
422,4/5/19 8:25,11.43,9.34,0,0
423,4/5/19 8:35,11.44,9.36,0,0
424,4/5/19 8:45,11.42,9.38,0,0
425,4/5/19 8:55,11.43,9.38,0,0
426,4/5/19 9:05,11.42,9.4,0,0
427,4/5/19 9:15,11.41,9.42,0,0
428,4/5/19 9:25,11.42,9.44,0,0
429,4/5/19 9:35,11.41,9.46,0,0
430,4/5/19 9:45,11.41,9.46,0,0
431,4/5/19 9:55,11.41,9.48,0,0
432,4/5/19 10:05,11.39,9.5,0,0
433,4/5/19 10:15,11.41,9.54,0,0
434,4/5/19 10:25,11.38,9.54,0,0
435,4/5/19 10:35,11.39,9.58,0,0
436,4/5/19 10:45,11.39,9.6,0,0
437,4/5/19 10:55,11.37,9.62,0,0
438,4/5/19 11:05,11.36,9.64,0,0
439,4/5/19 11:15,11.37,9.64,0,0
440,4/5/19 11:25,11.36,9.66,0,0
441,4/5/19 11:35,11.36,9.7,0,0
442,4/5/19 11:45,11.36,9.72,0,0
443,4/5/19 11:55,11.37,9.76,0,0
444,4/5/19 12:05,11.35,9.78,0,0
445,4/5/19 12:15,11.37,9.8,0,0
446,4/5/19 12:25,11.34,9.82,0,0
447,4/5/19 12:35,11.33,9.82,0,0
448,4/5/19 12:45,11.32,9.8,0,0
449,4/5/19 12:55,11.32,9.78,0,0
450,4/5/19 13:05,11.3,9.76,0,0
451,4/5/19 13:15,11.31,9.74,0,0
452,4/5/19 13:25,11.32,9.72,0,0
453,4/5/19 13:35,11.33,9.7,0,0
454,4/5/19 13:45,11.33,9.68,0,0
455,4/5/19 13:55,11.34,9.66,0,0
456,4/5/19 14:05,11.35,9.64,0,0
457,4/5/19 14:15,11.34,9.62,0,0
458,4/5/19 14:25,11.34,9.6,0,0
459,4/5/19 14:35,11.34,9.58,0,0
460,4/5/19 14:45,11.33,9.54,0,0
461,4/5/19 14:55,11.34,9.52,0,0
462,4/5/19 15:05,11.34,9.48,0,0
463,4/5/19 15:15,11.33,9.46,0,0
464,4/5/19 15:25,11.35,9.42,0,0
465,4/5/19 15:35,11.35,9.4,0,0
466,4/5/19 15:45,11.37,9.36,0,0
467,4/5/19 15:55,11.37,9.34,0,0
468,4/5/19 16:05,11.36,9.32,0,0
469,4/5/19 16:15,11.37,9.28,0,0
470,4/5/19 16:25,11.38,9.26,0,0
471,4/5/19 16:35,11.38,9.24,0,0
472,4/5/19 16:45,11.39,9.2,0,0
473,4/5/19 16:55,11.39,9.18,0,0
474,4/5/19 17:05,11.42,9.14,0,0
475,4/5/19 17:15,11.39,9.1,0,0
476,4/5/19 17:25,11.42,9.08,0,0
477,4/5/19 17:35,11.41,9.06,0,0
478,4/5/19 17:45,11.43,9.06,0,0
479,4/5/19 17:55,11.45,9.06,0,0
480,4/5/19 18:05,11.47,9.1,0,0
481,4/5/19 18:15,11.47,9.18,0,0
482,4/5/19 18:25,11.47,9.22,0,0
483,4/5/19 18:35,11.47,9.26,0,0
484,4/5/19 18:45,11.48,9.32,0,0
485,4/5/19 18:55,11.47,9.38,0,0
486,4/5/19 19:05,11.47,9.42,0,0
487,4/5/19 19:15,11.46,9.46,0,0
488,4/5/19 19:25,11.44,9.48,0,0
489,4/5/19 19:35,11.44,9.48,0,0
490,4/5/19 19:45,11.44,9.48,0,0
491,4/5/19 19:55,11.43,9.46,0,0
492,4/5/19 20:05,11.42,9.44,0,0
493,4/5/19 20:15,11.42,9.42,0,0
494,4/5/19 20:25,11.42,9.4,0,0
495,4/5/19 20:35,11.42,9.4,0,0
496,4/5/19 20:45,11.42,9.38,0,0
497,4/5/19 20:55,11.42,9.36,0,0
498,4/5/19 21:05,11.44,9.38,0,0
499,4/5/19 21:15,11.44,9.38,0,0
500,4/5/19 21:25,11.43,9.4,0,0
501,4/5/19 21:35,11.46,9.42,0,0
502,4/5/19 21:45,11.45,9.44,0,0
503,4/5/19 21:55,11.43,9.46,0,0
504,4/5/19 22:05,11.45,9.48,0,0
505,4/5/19 22:15,11.43,9.48,0,0
506,4/5/19 22:25,11.43,9.5,0,0
507,4/5/19 22:35,11.43,9.5,0,0
508,4/5/19 22:45,11.44,9.5,0,0
509,4/5/19 22:55,11.43,9.5,0,0
510,4/5/19 23:05,11.43,9.5,0,0
511,4/5/19 23:15,11.42,9.5,0,0
512,4/5/19 23:25,11.43,9.5,0,0
513,4/5/19 23:35,11.42,9.5,0,0
514,4/5/19 23:45,11.42,9.5,0,0
515,4/5/19 23:55,11.43,9.5,0,0
516,4/6/19 0:05,11.42,9.5,0,0
517,4/6/19 0:15,11.42,9.48,0,0
518,4/6/19 0:25,11.42,9.48,0,0
519,4/6/19 0:35,11.39,9.48,0,0
520,4/6/19 0:45,11.42,9.46,0,0
521,4/6/19 0:55,11.42,9.46,0,0
522,4/6/19 1:05,11.42,9.44,0,0
523,4/6/19 1:15,11.41,9.44,0,0
524,4/6/19 1:25,11.42,9.42,0,0
525,4/6/19 1:35,11.42,9.42,0,0
526,4/6/19 1:45,11.41,9.42,0,0
527,4/6/19 1:55,11.43,9.4,0,0
528,4/6/19 2:05,11.42,9.4,0,0
529,4/6/19 2:15,11.41,9.38,0,0
530,4/6/19 2:25,11.42,9.38,0,0
531,4/6/19 2:35,11.39,9.36,0,0
532,4/6/19 2:45,11.41,9.34,0,0
533,4/6/19 2:55,11.43,9.32,0,0
534,4/6/19 3:05,11.43,9.3,0,0
535,4/6/19 3:15,11.41,9.28,0,0
536,4/6/19 3:25,11.42,9.28,0,0
537,4/6/19 3:35,11.41,9.26,0,0
538,4/6/19 3:45,11.42,9.24,0,0
539,4/6/19 3:55,11.43,9.22,0,0
540,4/6/19 4:05,11.43,9.2,0,0
541,4/6/19 4:15,11.43,9.2,0,0
542,4/6/19 4:25,11.43,9.18,0,0
543,4/6/19 4:35,11.43,9.18,0,0
544,4/6/19 4:45,11.43,9.18,0,0
545,4/6/19 4:55,11.42,9.16,0,0
546,4/6/19 5:05,11.43,9.16,0,0
547,4/6/19 5:15,11.42,9.16,0,0
548,4/6/19 5:25,11.42,9.14,0,0
549,4/6/19 5:35,11.42,9.16,0,0
550,4/6/19 5:45,11.43,9.16,0,0
551,4/6/19 5:55,11.44,9.16,0,0
552,4/6/19 6:05,11.43,9.16,0,0
553,4/6/19 6:15,11.43,9.18,0,0
554,4/6/19 6:25,11.43,9.2,0,0
555,4/6/19 6:35,11.42,9.22,0,0
556,4/6/19 6:45,11.42,9.24,0,0
557,4/6/19 6:55,11.42,9.26,0,0
558,4/6/19 7:05,11.42,9.26,0,0
559,4/6/19 7:15,11.41,9.28,0,0
560,4/6/19 7:25,11.41,9.3,0,0
561,4/6/19 7:35,11.42,9.32,0,0
562,4/6/19 7:45,11.41,9.34,0,0
563,4/6/19 7:55,11.41,9.36,0,0
564,4/6/19 8:05,11.39,9.36,0,0
565,4/6/19 8:15,11.38,9.38,0,0
566,4/6/19 8:25,11.41,9.38,0,0
567,4/6/19 8:35,11.37,9.38,0,0
568,4/6/19 8:45,11.37,9.4,0,0
569,4/6/19 8:55,11.38,9.4,0,0
570,4/6/19 9:05,11.37,9.4,0,0
571,4/6/19 9:15,11.38,9.4,0,0
572,4/6/19 9:25,11.37,9.4,0,0
573,4/6/19 9:35,11.38,9.4,0,0
574,4/6/19 9:45,11.39,9.4,0,0
575,4/6/19 9:55,11.37,9.4,0,0
576,4/6/19 10:05,11.38,9.4,0,0
577,4/6/19 10:15,11.39,9.4,0,0
578,4/6/19 10:25,11.38,9.4,0,0
579,4/6/19 10:35,11.39,9.4,0,0
580,4/6/19 10:45,11.39,9.4,0,0
581,4/6/19 10:55,11.39,9.4,0,0
582,4/6/19 11:05,11.41,9.4,0,0
583,4/6/19 11:15,11.39,9.4,0,0
584,4/6/19 11:25,11.41,9.4,0,0
585,4/6/19 11:35,11.42,9.4,0,0
586,4/6/19 11:45,11.41,9.4,0,0
587,4/6/19 11:55,11.42,9.42,0,0
588,4/6/19 12:05,11.43,9.42,0,0
589,4/6/19 12:15,11.43,9.44,0,0
590,4/6/19 12:25,11.43,9.44,0,0
591,4/6/19 12:35,11.44,9.46,0,0
592,4/6/19 12:45,11.44,9.46,0,0
593,4/6/19 12:55,11.44,9.46,0,0
594,4/6/19 13:05,11.45,9.48,0,0
595,4/6/19 13:15,11.45,9.48,0,0
596,4/6/19 13:25,11.46,9.5,0,0
597,4/6/19 13:35,11.45,9.52,0,0
598,4/6/19 13:45,11.46,9.52,0,0
599,4/6/19 13:55,11.46,9.52,0,0
600,4/6/19 14:05,11.46,9.52,0,0
601,4/6/19 14:15,11.45,9.5,0,0
602,4/6/19 14:25,11.47,9.52,0,0
603,4/6/19 14:35,11.46,9.5,0,0
604,4/6/19 14:45,11.47,9.5,0,0
605,4/6/19 14:55,11.45,9.5,0,0
606,4/6/19 15:05,11.47,9.5,0,0
607,4/6/19 15:15,11.46,9.5,0,0
608,4/6/19 15:25,11.47,9.5,0,0
609,4/6/19 15:35,11.48,9.5,0,0
610,4/6/19 15:45,11.48,9.52,0,0
611,4/6/19 15:55,11.46,9.52,0,0
612,4/6/19 16:05,11.47,9.52,0,0
613,4/6/19 16:15,11.46,9.54,0,0
614,4/6/19 16:25,11.46,9.54,0,0
615,4/6/19 16:35,11.46,9.56,0,0
616,4/6/19 16:45,11.45,9.56,0,0
617,4/6/19 16:55,11.46,9.56,0,0
618,4/6/19 17:05,11.46,9.58,0,0
619,4/6/19 17:15,11.44,9.56,0,0
620,4/6/19 17:25,11.44,9.54,0,0
621,4/6/19 17:35,11.44,9.54,0,0
622,4/6/19 17:45,11.43,9.52,0,0
623,4/6/19 17:55,11.44,9.5,0,0
624,4/6/19 18:05,11.45,9.48,0,0
625,4/6/19 18:15,11.45,9.46,0,0
626,4/6/19 18:25,11.45,9.46,0,0
627,4/6/19 18:35,11.44,9.44,0,0
628,4/6/19 18:45,11.45,9.42,0,0
629,4/6/19 18:55,11.46,9.42,0,0
630,4/6/19 19:05,11.45,9.4,0,0
631,4/6/19 19:15,11.46,9.4,0,0
632,4/6/19 19:25,11.46,9.4,0,0
633,4/6/19 19:35,11.45,9.38,0,0
634,4/6/19 19:45,11.46,9.38,0,0
635,4/6/19 19:55,11.45,9.38,0,0
636,4/6/19 20:05,11.45,9.36,0,0
637,4/6/19 20:15,11.45,9.34,0,0
638,4/6/19 20:25,11.45,9.34,0,0
639,4/6/19 20:35,11.45,9.32,0,0
640,4/6/19 20:45,11.45,9.3,0,0
641,4/6/19 20:55,11.46,9.3,0,0
642,4/6/19 21:05,11.46,9.28,0,0
643,4/6/19 21:15,11.46,9.28,0,0
644,4/6/19 21:25,11.46,9.26,0,0
645,4/6/19 21:35,11.46,9.26,0,0
646,4/6/19 21:45,11.46,9.24,0,0
647,4/6/19 21:55,11.46,9.24,0,0
648,4/6/19 22:05,11.46,9.24,0,0
649,4/6/19 22:15,11.46,9.22,0,0
650,4/6/19 22:25,11.45,9.22,0,0
651,4/6/19 22:35,11.46,9.22,0,0
652,4/6/19 22:45,11.45,9.2,0,0
653,4/6/19 22:55,11.45,9.2,0,0
654,4/6/19 23:05,11.45,9.18,0,0
655,4/6/19 23:15,11.45,9.18,0,0
656,4/6/19 23:25,11.44,9.16,0,0
657,4/6/19 23:35,11.45,9.16,0,0
658,4/6/19 23:45,11.44,9.14,0,0
659,4/6/19 23:55,11.44,9.14,0,0
660,4/7/19 0:05,11.46,9.12,0,0
661,4/7/19 0:15,11.45,9.12,0,0
662,4/7/19 0:25,11.46,9.1,0,0
663,4/7/19 0:35,11.46,9.1,0,0
664,4/7/19 0:45,11.46,9.1,0,0
665,4/7/19 0:55,11.48,9.1,0,0
666,4/7/19 1:05,11.47,9.1,0,0
667,4/7/19 1:15,11.47,9.1,0,0
668,4/7/19 1:25,11.47,9.1,0,0
669,4/7/19 1:35,11.48,9.08,0,0
670,4/7/19 1:45,11.49,9.08,0,0
671,4/7/19 1:55,11.49,9.08,0,0
672,4/7/19 2:05,11.51,9.08,0,0
673,4/7/19 2:15,11.49,9.06,0,0
674,4/7/19 2:25,11.5,9.06,0,0
675,4/7/19 2:35,11.5,9.06,0,0
676,4/7/19 2:45,11.49,9.06,0,0
677,4/7/19 2:55,11.5,9.06,0,0
678,4/7/19 3:05,11.5,9.06,0,0
679,4/7/19 3:15,11.49,9.06,0,0
680,4/7/19 3:25,11.49,9.04,0,0
681,4/7/19 3:35,11.49,9.04,0,0
682,4/7/19 3:45,11.48,9.02,0,0
683,4/7/19 3:55,11.5,9.02,0,0
684,4/7/19 4:05,11.48,9.02,0,0
685,4/7/19 4:15,11.49,9.02,0,0
686,4/7/19 4:25,11.48,9,0,0
687,4/7/19 4:35,11.49,9,0,0
688,4/7/19 4:45,11.48,9,0,0
689,4/7/19 4:55,11.47,9,0,0
690,4/7/19 5:05,11.48,9,0,0
691,4/7/19 5:15,11.47,8.98,0,0
692,4/7/19 5:25,11.47,8.98,0,0
693,4/7/19 5:35,11.47,8.98,0,0
694,4/7/19 5:45,11.48,8.98,0,0
695,4/7/19 5:55,11.47,8.98,0,0
696,4/7/19 6:05,11.47,8.98,0,0
697,4/7/19 6:15,11.48,8.98,0,0
698,4/7/19 6:25,11.47,8.96,0,0
699,4/7/19 6:35,11.47,8.96,0,0
700,4/7/19 6:45,11.49,8.96,0,0
701,4/7/19 6:55,11.48,8.96,0,0
702,4/7/19 7:05,11.48,8.94,0,0
703,4/7/19 7:15,11.49,8.94,0,0
704,4/7/19 7:25,11.49,8.94,0,0
705,4/7/19 7:35,11.48,8.94,0,0
706,4/7/19 7:45,11.49,8.96,0,0
707,4/7/19 7:55,11.49,8.96,0,0
708,4/7/19 8:05,11.51,8.96,0,0
709,4/7/19 8:15,11.5,8.98,0,0
710,4/7/19 8:25,11.51,8.98,0,0
711,4/7/19 8:35,11.51,9,0,0
712,4/7/19 8:45,11.51,9,0,0
713,4/7/19 8:55,11.52,9.02,0,0
714,4/7/19 9:05,11.51,9.04,0,0
715,4/7/19 9:15,11.52,9.04,0,0
716,4/7/19 9:25,11.51,9.06,0,0
717,4/7/19 9:35,11.52,9.06,0,0
718,4/7/19 9:45,11.53,9.06,0,0
719,4/7/19 9:55,11.54,9.06,0,0
720,4/7/19 10:05,11.53,9.08,0,0
721,4/7/19 10:15,11.54,9.08,0,0
722,4/7/19 10:25,11.55,9.1,0,0
723,4/7/19 10:35,11.54,9.12,0,0
724,4/7/19 10:45,11.55,9.16,0,0
725,4/7/19 10:55,11.56,9.18,0,0
726,4/7/19 11:05,11.55,9.2,0,0
727,4/7/19 11:15,11.55,9.22,0,0
728,4/7/19 11:25,11.58,9.24,0,0
729,4/7/19 11:35,11.57,9.26,0,0
730,4/7/19 11:45,11.57,9.26,0,0
731,4/7/19 11:55,11.58,9.28,0,0
732,4/7/19 12:05,11.59,9.3,0,0
733,4/7/19 12:15,11.58,9.3,0,0
734,4/7/19 12:25,11.57,9.32,0,0
735,4/7/19 12:35,11.58,9.32,0,0
736,4/7/19 12:45,11.56,9.32,0,0
737,4/7/19 12:55,11.58,9.32,0,0
738,4/7/19 13:05,11.57,9.32,0,0
739,4/7/19 13:15,11.58,9.32,0,0
740,4/7/19 13:25,11.57,9.3,0,0
741,4/7/19 13:35,11.56,9.3,0,0
742,4/7/19 13:45,11.57,9.28,0,0
743,4/7/19 13:55,11.55,9.28,0,0
744,4/7/19 14:05,11.56,9.26,0,0
745,4/7/19 14:15,11.57,9.26,0,0
746,4/7/19 14:25,11.57,9.24,0,0
747,4/7/19 14:35,11.57,9.24,0,0
748,4/7/19 14:45,11.56,9.24,0,0
749,4/7/19 14:55,11.58,9.22,0,0
750,4/7/19 15:05,11.57,9.22,0,0
751,4/7/19 15:15,11.58,9.22,0,0
752,4/7/19 15:25,11.57,9.22,0,0
753,4/7/19 15:35,11.57,9.2,0,0
754,4/7/19 15:45,11.57,9.2,0,0
755,4/7/19 15:55,11.58,9.2,0,0
756,4/7/19 16:05,11.56,9.2,0,0
757,4/7/19 16:15,11.58,9.2,0,0
758,4/7/19 16:25,11.58,9.2,0,0
759,4/7/19 16:35,11.59,9.2,0,0
760,4/7/19 16:45,11.58,9.22,0,0
761,4/7/19 16:55,11.58,9.22,0,0
762,4/7/19 17:05,11.57,9.22,0,0
763,4/7/19 17:15,11.58,9.22,0,0
764,4/7/19 17:25,11.56,9.22,0,0
765,4/7/19 17:35,11.57,9.22,0,0
766,4/7/19 17:45,11.57,9.22,0,0
767,4/7/19 17:55,11.56,9.22,0,0
768,4/7/19 18:05,11.57,9.22,0,0
769,4/7/19 18:15,11.56,9.22,0,0
770,4/7/19 18:25,11.56,9.22,0,0
771,4/7/19 18:35,11.57,9.22,0,0
772,4/7/19 18:45,11.56,9.22,0,0
773,4/7/19 18:55,11.57,9.2,0,0
774,4/7/19 19:05,11.57,9.2,0,0
775,4/7/19 19:15,11.57,9.2,0,0
776,4/7/19 19:25,11.57,9.18,0,0
777,4/7/19 19:35,11.57,9.16,0,0
778,4/7/19 19:45,11.56,9.16,0,0
779,4/7/19 19:55,11.57,9.14,0,0
780,4/7/19 20:05,11.56,9.12,0,0
781,4/7/19 20:15,11.57,9.1,0,0
782,4/7/19 20:25,11.56,9.1,0,0
783,4/7/19 20:35,11.57,9.08,0,0
784,4/7/19 20:45,11.56,9.08,0,0
785,4/7/19 20:55,11.57,9.06,0,0
786,4/7/19 21:05,11.57,9.06,0,0
787,4/7/19 21:15,11.58,9.04,0,0
788,4/7/19 21:25,11.57,9.04,0,0
789,4/7/19 21:35,11.59,9.04,0,0
790,4/7/19 21:45,11.58,9.04,0,0
791,4/7/19 21:55,11.58,9.04,0,0
792,4/7/19 22:05,11.57,9.06,0,0
793,4/7/19 22:15,11.58,9.06,0,0
794,4/7/19 22:25,11.57,9.04,0,0
795,4/7/19 22:35,11.58,9.04,0,0
796,4/7/19 22:45,11.57,9.04,0,0
797,4/7/19 22:55,11.58,9.04,0,0
798,4/7/19 23:05,11.58,9.04,0,0
799,4/7/19 23:15,11.58,9.04,0,0
800,4/7/19 23:25,11.58,9.04,0,0
801,4/7/19 23:35,11.57,9.04,0,0
802,4/7/19 23:45,11.57,9.04,0,0
803,4/7/19 23:55,11.57,9.04,0,0
804,4/8/19 0:05,11.57,9.04,0,0
805,4/8/19 0:15,11.57,9.04,0,0
806,4/8/19 0:25,11.57,9.04,0,0
807,4/8/19 0:35,11.57,9.04,0,0
808,4/8/19 0:45,11.57,9.04,0,0
809,4/8/19 0:55,11.55,9.04,0,0
810,4/8/19 1:05,11.57,9.04,0,0
811,4/8/19 1:15,11.57,9.02,0,0
812,4/8/19 1:25,11.56,9.02,0,0
813,4/8/19 1:35,11.56,9.02,0,0
814,4/8/19 1:45,11.57,9.02,0,0
815,4/8/19 1:55,11.56,9.02,0,0
816,4/8/19 2:05,11.56,9.02,0,0
817,4/8/19 2:15,11.56,9,0,0
818,4/8/19 2:25,11.56,9,0,0
819,4/8/19 2:35,11.56,9,0,0
820,4/8/19 2:45,11.57,9,0,0
821,4/8/19 2:55,11.56,8.98,0,0
822,4/8/19 3:05,11.57,8.98,0,0
823,4/8/19 3:15,11.57,8.98,0,0
824,4/8/19 3:25,11.57,8.98,0,0
825,4/8/19 3:35,11.56,8.98,0,0
826,4/8/19 3:45,11.57,8.98,0,0
827,4/8/19 3:55,11.57,8.96,0,0
828,4/8/19 4:05,11.57,8.96,0,0
829,4/8/19 4:15,11.57,8.96,0,0
830,4/8/19 4:25,11.56,8.94,0,0
831,4/8/19 4:35,11.57,8.94,0,0
832,4/8/19 4:45,11.56,8.94,0,0
833,4/8/19 4:55,11.57,8.92,0,0
834,4/8/19 5:05,11.57,8.92,0,0
835,4/8/19 5:15,11.57,8.92,0,0
836,4/8/19 5:25,11.56,8.92,0,0
837,4/8/19 5:35,11.57,8.92,0,0
838,4/8/19 5:45,11.55,8.92,0,0
839,4/8/19 5:55,11.56,8.92,0,0
840,4/8/19 6:05,11.55,8.92,0,0
841,4/8/19 6:15,11.57,8.92,0,0
842,4/8/19 6:25,11.56,8.92,0,0
843,4/8/19 6:35,11.56,8.92,0,0
844,4/8/19 6:45,11.55,8.9,0,0
845,4/8/19 6:55,11.53,8.9,0,0
846,4/8/19 7:05,11.54,8.88,0,0
847,4/8/19 7:15,11.53,8.86,0,0
848,4/8/19 7:25,11.53,8.84,0,0
849,4/8/19 7:35,11.52,8.82,0,0
850,4/8/19 7:45,11.53,8.8,0,0
851,4/8/19 7:55,11.55,8.78,0,0
852,4/8/19 8:05,11.56,8.78,0,0
853,4/8/19 8:15,11.56,8.78,0,0
854,4/8/19 8:25,11.56,8.8,0,0
855,4/8/19 8:35,11.56,8.8,0,0
856,4/8/19 8:45,11.55,8.8,0,0
857,4/8/19 8:55,11.55,8.82,0,0
858,4/8/19 9:05,11.55,8.82,0,0
859,4/8/19 9:15,11.56,8.84,0,0
860,4/8/19 9:25,11.55,8.84,0,0
861,4/8/19 9:35,11.54,8.84,0,0
862,4/8/19 9:45,11.54,8.86,0,0
863,4/8/19 9:55,11.55,8.86,0,0
864,4/8/19 10:05,11.55,8.88,0,0
865,4/8/19 10:15,11.55,8.9,0,0
866,4/8/19 10:25,11.56,8.92,0,0
867,4/8/19 10:35,11.56,8.94,0,0
868,4/8/19 10:45,11.56,8.96,0,0
869,4/8/19 10:55,11.59,9.02,0,0
870,4/8/19 11:05,11.59,9.08,0,0
871,4/8/19 11:15,11.59,9.16,0,0
872,4/8/19 11:25,11.59,9.22,0,0
873,4/8/19 11:35,11.59,9.28,0,0
874,4/8/19 11:45,11.57,9.32,0,0
875,4/8/19 11:55,11.56,9.34,0,0
876,4/8/19 12:05,11.54,9.36,0,0
877,4/8/19 12:15,11.52,9.36,0,0
878,4/8/19 12:25,11.53,9.36,0,0
879,4/8/19 12:35,11.52,9.38,0,0
880,4/8/19 12:45,11.52,9.38,0,0
881,4/8/19 12:55,11.51,9.38,0,0
882,4/8/19 13:05,11.51,9.38,0,0
883,4/8/19 13:15,11.5,9.38,0,0
884,4/8/19 13:25,11.51,9.38,0,0
885,4/8/19 13:35,11.5,9.38,0,0
886,4/8/19 13:45,11.5,9.38,0,0
887,4/8/19 13:55,11.51,9.38,0,0
888,4/8/19 14:05,11.52,9.38,0,0
889,4/8/19 14:15,11.51,9.38,0,0
890,4/8/19 14:25,11.51,9.4,0,0
891,4/8/19 14:35,11.51,9.4,0,0
892,4/8/19 14:45,11.51,9.42,0,0
893,4/8/19 14:55,11.51,9.44,0,0
894,4/8/19 15:05,11.51,9.44,0,0
895,4/8/19 15:15,11.51,9.44,0,0
896,4/8/19 15:25,11.51,9.44,0,0
897,4/8/19 15:35,11.5,9.44,0,0
898,4/8/19 15:45,11.5,9.44,0,0
899,4/8/19 15:55,11.49,9.42,0,0
900,4/8/19 16:05,11.49,9.4,0,0
901,4/8/19 16:15,11.48,9.38,0,0
902,4/8/19 16:25,11.49,9.36,0,0
903,4/8/19 16:35,11.48,9.34,0,0
904,4/8/19 16:45,11.47,9.32,0,0
905,4/8/19 16:55,11.48,9.28,0,0
906,4/8/19 17:05,11.48,9.26,0,0
907,4/8/19 17:15,11.48,9.26,0,0
908,4/8/19 17:25,11.5,9.24,0,0
909,4/8/19 17:35,11.5,9.22,0,0
910,4/8/19 17:45,11.51,9.2,0,0
911,4/8/19 17:55,11.5,9.18,0,0
912,4/8/19 18:05,11.52,9.18,0,0
913,4/8/19 18:15,11.51,9.16,0,0
914,4/8/19 18:25,11.51,9.14,0,0
915,4/8/19 18:35,11.5,9.14,0,0
916,4/8/19 18:45,11.51,9.12,0,0
917,4/8/19 18:55,11.51,9.1,0,0
918,4/8/19 19:05,11.51,9.1,0,0
919,4/8/19 19:15,11.51,9.08,0,0
920,4/8/19 19:25,11.5,9.06,0,0
921,4/8/19 19:35,11.51,9.06,0,0
922,4/8/19 19:45,11.51,9.04,0,0
923,4/8/19 19:55,11.51,9.02,0,0
924,4/8/19 20:05,11.51,9,0,0
925,4/8/19 20:15,11.5,8.98,0,0
926,4/8/19 20:25,11.51,8.96,0,0
927,4/8/19 20:35,11.52,8.94,0,0
928,4/8/19 20:45,11.51,8.92,0,0
929,4/8/19 20:55,11.51,8.9,0,0
930,4/8/19 21:05,11.5,8.88,0,0
931,4/8/19 21:15,11.52,8.86,0,0
932,4/8/19 21:25,11.53,8.86,0,0
933,4/8/19 21:35,11.53,8.86,0,0
934,4/8/19 21:45,11.53,8.86,0,0
935,4/8/19 21:55,11.53,8.86,0,0
936,4/8/19 22:05,11.54,8.86,0,0
937,4/8/19 22:15,11.52,8.88,0,0
938,4/8/19 22:25,11.54,8.88,0,0
939,4/8/19 22:35,11.53,8.9,0,0
940,4/8/19 22:45,11.54,8.9,0,0
941,4/8/19 22:55,11.53,8.92,0,0
942,4/8/19 23:05,11.53,8.92,0,0
943,4/8/19 23:15,11.54,8.92,0,0
944,4/8/19 23:25,11.52,8.92,0,0
945,4/8/19 23:35,11.53,8.92,0,0
946,4/8/19 23:45,11.53,8.94,0,0
947,4/8/19 23:55,11.56,8.96,0,0
948,4/9/19 0:05,11.54,9.02,0,0
949,4/9/19 0:15,11.56,9.06,0,0
950,4/9/19 0:25,11.56,9.1,0,0
951,4/9/19 0:35,11.56,9.16,0,0
952,4/9/19 0:45,11.57,9.22,0,0
953,4/9/19 0:55,11.56,9.26,0,0
954,4/9/19 1:05,11.55,9.32,0,0
955,4/9/19 1:15,11.55,9.36,0,0
956,4/9/19 1:25,11.55,9.38,0,0
957,4/9/19 1:35,11.55,9.42,0,0
958,4/9/19 1:45,11.53,9.44,0,0
959,4/9/19 1:55,11.53,9.44,0,0
960,4/9/19 2:05,11.52,9.46,0,0
961,4/9/19 2:15,11.53,9.46,0,0
962,4/9/19 2:25,11.52,9.46,0,0
963,4/9/19 2:35,11.5,9.46,0,0
964,4/9/19 2:45,11.5,9.42,0,0
965,4/9/19 2:55,11.51,9.4,0,0
966,4/9/19 3:05,11.48,9.34,0,0
967,4/9/19 3:15,11.49,9.3,0,0
968,4/9/19 3:25,11.49,9.26,0,0
969,4/9/19 3:35,11.5,9.22,0,0
970,4/9/19 3:45,11.49,9.18,0,0
971,4/9/19 3:55,11.51,9.14,0,0
972,4/9/19 4:05,11.52,9.12,0,0
973,4/9/19 4:15,11.52,9.1,0,0
974,4/9/19 4:25,11.51,9.08,0,0
975,4/9/19 4:35,11.52,9.06,0,0
976,4/9/19 4:45,11.52,9.02,0,0
977,4/9/19 4:55,11.52,9,0,0
978,4/9/19 5:05,11.52,8.98,0,0
979,4/9/19 5:15,11.52,8.96,0,0
980,4/9/19 5:25,11.52,8.94,0,0
981,4/9/19 5:35,11.53,8.92,0,0
982,4/9/19 5:45,11.53,8.9,0,0
983,4/9/19 5:55,11.54,8.88,0,0
984,4/9/19 6:05,11.54,8.86,0,0
985,4/9/19 6:15,11.55,8.86,0,0
986,4/9/19 6:25,11.56,8.84,0,0
987,4/9/19 6:35,11.55,8.84,0,0
988,4/9/19 6:45,11.56,8.82,0,0
989,4/9/19 6:55,11.56,8.82,0,0
990,4/9/19 7:05,11.56,8.82,0,0
991,4/9/19 7:15,11.57,8.82,0,0
992,4/9/19 7:25,11.56,8.84,0,0
993,4/9/19 7:35,11.57,8.84,0,0
994,4/9/19 7:45,11.57,8.84,0,0
995,4/9/19 7:55,11.57,8.84,0,0
996,4/9/19 8:05,11.58,8.84,0,0
997,4/9/19 8:15,11.58,8.84,0,0
998,4/9/19 8:25,11.58,8.84,0,0
999,4/9/19 8:35,11.59,8.84,0,0
1000,4/9/19 8:45,11.58,8.84,0,0
1001,4/9/19 8:55,11.59,8.84,0,0
1002,4/9/19 9:05,11.6,8.86,0,0
1003,4/9/19 9:15,11.6,8.86,0,0
1004,4/9/19 9:25,11.6,8.86,0,0
1005,4/9/19 9:35,11.59,8.86,0,0
1006,4/9/19 9:45,11.6,8.86,0,0
1007,4/9/19 9:55,11.6,8.86,0,0
1008,4/9/19 10:05,11.6,8.88,0,0
1009,4/9/19 10:15,11.62,8.9,0,0
1010,4/9/19 10:25,11.61,8.92,0,0
1011,4/9/19 10:35,11.61,8.92,0,0
1012,4/9/19 10:45,11.6,8.94,0,0
1013,4/9/19 10:55,11.61,8.94,0,0
1014,4/9/19 11:05,11.61,8.96,0,0
1015,4/9/19 11:15,11.6,8.96,0,0
1016,4/9/19 11:25,11.61,8.96,0,0
1017,4/9/19 11:35,11.6,8.96,0,0
1018,4/9/19 11:45,11.61,8.96,0,0
1019,4/9/19 11:55,11.6,8.96,0,0
1020,4/9/19 12:05,11.61,8.96,0,0
1021,4/9/19 12:15,11.63,8.98,0,0
1022,4/9/19 12:25,11.65,9.02,0,0
1023,4/9/19 12:35,11.66,9.1,0,0
1024,4/9/19 12:45,11.66,9.22,0,0
1025,4/9/19 12:55,11.65,9.34,0,0
1026,4/9/19 13:05,11.64,9.42,0,0
1027,4/9/19 13:15,11.64,9.48,0,0
1028,4/9/19 13:25,11.62,9.54,0,0
1029,4/9/19 13:35,11.61,9.58,0,0
1030,4/9/19 13:45,11.61,9.6,0,0
1031,4/9/19 13:55,11.59,9.62,0,0
1032,4/9/19 14:05,11.58,9.62,0,0
1033,4/9/19 14:15,11.58,9.62,0,0
1034,4/9/19 14:25,11.57,9.62,0,0
1035,4/9/19 14:35,11.56,9.62,0,0
1036,4/9/19 14:45,11.57,9.6,0,0
1037,4/9/19 14:55,11.58,9.62,0,0
1038,4/9/19 15:05,11.59,9.68,0,0
1039,4/9/19 15:15,11.58,9.72,0,0
1040,4/9/19 15:25,11.57,9.74,0,0
1041,4/9/19 15:35,11.56,9.76,0,0
1042,4/9/19 15:45,11.57,9.74,0,0
1043,4/9/19 15:55,11.55,9.72,0,0
1044,4/9/19 16:05,11.56,9.7,0,0
1045,4/9/19 16:15,11.55,9.68,0,0
1046,4/9/19 16:25,11.55,9.64,0,0
1047,4/9/19 16:35,11.56,9.6,0,0
1048,4/9/19 16:45,11.56,9.58,0,0
1049,4/9/19 16:55,11.55,9.54,0,0
1050,4/9/19 17:05,11.55,9.5,0,0
1051,4/9/19 17:15,11.55,9.46,0,0
1052,4/9/19 17:25,11.56,9.44,0,0
1053,4/9/19 17:35,11.57,9.4,0,0
1054,4/9/19 17:45,11.58,9.38,0,0
1055,4/9/19 17:55,11.58,9.36,0,0
1056,4/9/19 18:05,11.58,9.34,0,0
1057,4/9/19 18:15,11.59,9.3,0,0
1058,4/9/19 18:25,11.59,9.28,0,0
1059,4/9/19 18:35,11.6,9.26,0,0
1060,4/9/19 18:45,11.61,9.22,0,0
1061,4/9/19 18:55,11.6,9.2,0,0
1062,4/9/19 19:05,11.6,9.16,0,0
1063,4/9/19 19:15,11.6,9.14,0,0
1064,4/9/19 19:25,11.6,9.12,0,0
1065,4/9/19 19:35,11.61,9.1,0,0
1066,4/9/19 19:45,11.61,9.08,0,0
1067,4/9/19 19:55,11.62,9.04,0,0
1068,4/9/19 20:05,11.61,9.02,0,0
1069,4/9/19 20:15,11.62,9,0,0
1070,4/9/19 20:25,11.62,8.98,0,0
1071,4/9/19 20:35,11.63,8.98,0,0
1072,4/9/19 20:45,11.63,8.96,0,0
1073,4/9/19 20:55,11.62,8.96,0,0
1074,4/9/19 21:05,11.63,8.94,0,0
1075,4/9/19 21:15,11.63,8.94,0,0
1076,4/9/19 21:25,11.63,8.92,0,0
1077,4/9/19 21:35,11.63,8.92,0,0
1078,4/9/19 21:45,11.63,8.9,0,0
1079,4/9/19 21:55,11.64,8.9,0,0
1080,4/9/19 22:05,11.63,8.9,0,0
1081,4/9/19 22:15,11.63,8.88,0,0
1082,4/9/19 22:25,11.64,8.88,0,0
1083,4/9/19 22:35,11.63,8.88,0,0
1084,4/9/19 22:45,11.64,8.88,0,0
1085,4/9/19 22:55,11.64,8.88,0,0
1086,4/9/19 23:05,11.63,8.86,0,0
1087,4/9/19 23:15,11.64,8.86,0,0
1088,4/9/19 23:25,11.64,8.86,0,0
1089,4/9/19 23:35,11.66,8.86,0,0
1090,4/9/19 23:45,11.66,8.84,0,0
1091,4/9/19 23:55,11.65,8.84,0,0
1092,4/10/19 0:05,11.65,8.84,0,0
1093,4/10/19 0:15,11.66,8.84,0,0
1094,4/10/19 0:25,11.65,8.82,0,0
1095,4/10/19 0:35,11.66,8.82,0,0
1096,4/10/19 0:45,11.66,8.82,0,0
1097,4/10/19 0:55,11.65,8.82,0,0
1098,4/10/19 1:05,11.66,8.82,0,0
1099,4/10/19 1:15,11.66,8.82,0,0
1100,4/10/19 1:25,11.65,8.82,0,0
1101,4/10/19 1:35,11.66,8.82,0,0
1102,4/10/19 1:45,11.66,8.84,0,0
1103,4/10/19 1:55,11.66,8.88,0,0
1104,4/10/19 2:05,11.67,8.96,0,0
1105,4/10/19 2:15,11.67,9.06,0,0
1106,4/10/19 2:25,11.64,9.18,0,0
1107,4/10/19 2:35,11.65,9.28,0,0
1108,4/10/19 2:45,11.62,9.38,0,0
1109,4/10/19 2:55,11.6,9.46,0,0
1110,4/10/19 3:05,11.59,9.52,0,0
1111,4/10/19 3:15,11.59,9.56,0,0
1112,4/10/19 3:25,11.58,9.6,0,0
1113,4/10/19 3:35,11.57,9.62,0,0
1114,4/10/19 3:45,11.56,9.64,0,0
1115,4/10/19 3:55,11.54,9.6,0,0
1116,4/10/19 4:05,11.54,9.56,0,0
1117,4/10/19 4:15,11.54,9.48,0,0
1118,4/10/19 4:25,11.55,9.44,0,0
1119,4/10/19 4:35,11.57,9.4,0,0
1120,4/10/19 4:45,11.56,9.36,0,0
1121,4/10/19 4:55,11.57,9.3,0,0
1122,4/10/19 5:05,11.58,9.26,0,0
1123,4/10/19 5:15,11.58,9.2,0,0
1124,4/10/19 5:25,11.58,9.16,0,0
1125,4/10/19 5:35,11.59,9.12,0,0
1126,4/10/19 5:45,11.61,9.08,0,0
1127,4/10/19 5:55,11.61,9.04,0,0
1128,4/10/19 6:05,11.63,9,0,0
1129,4/10/19 6:15,11.62,8.98,0,0
1130,4/10/19 6:25,11.62,8.94,0,0
1131,4/10/19 6:35,11.64,8.92,0,0
1132,4/10/19 6:45,11.64,8.9,0,0
1133,4/10/19 6:55,11.65,8.88,0,0
1134,4/10/19 7:05,11.64,8.86,0,0
1135,4/10/19 7:15,11.64,8.86,0,0
1136,4/10/19 7:25,11.66,8.84,0,0
1137,4/10/19 7:35,11.65,8.84,0,0
1138,4/10/19 7:45,11.65,8.84,0,0
1139,4/10/19 7:55,11.65,8.82,0,0
1140,4/10/19 8:05,11.65,8.82,0,0
1141,4/10/19 8:15,11.66,8.82,0,0
1142,4/10/19 8:25,11.67,8.82,0,0
1143,4/10/19 8:35,11.67,8.8,0,0
1144,4/10/19 8:45,11.67,8.82,0,0
1145,4/10/19 8:55,11.65,8.82,0,0
1146,4/10/19 9:05,11.67,8.82,0,0
1147,4/10/19 9:15,11.67,8.82,0,0
1148,4/10/19 9:25,11.66,8.82,0,0
1149,4/10/19 9:35,11.67,8.84,0,0
1150,4/10/19 9:45,11.68,8.84,0,0
1151,4/10/19 9:55,11.65,8.84,0,0
1152,4/10/19 10:05,11.66,8.84,0,0
1153,4/10/19 10:15,11.66,8.84,0,0
1154,4/10/19 10:25,11.66,8.86,0,0
1155,4/10/19 10:35,11.68,8.86,0,0
1156,4/10/19 10:45,11.67,8.86,0,0
1157,4/10/19 10:55,11.66,8.88,0,0
1158,4/10/19 11:05,11.67,8.88,0,0
1159,4/10/19 11:15,11.65,8.88,0,0
1160,4/10/19 11:25,11.65,8.88,0,0
1161,4/10/19 11:35,11.66,8.88,0,0
1162,4/10/19 11:45,11.64,8.88,0,0
1163,4/10/19 11:55,11.64,8.88,0,0
1164,4/10/19 12:05,11.63,8.88,0,0
1165,4/10/19 12:15,11.64,8.9,0,0
1166,4/10/19 12:25,11.62,8.9,0,0
1167,4/10/19 12:35,11.63,8.9,0,0
1168,4/10/19 12:45,11.62,8.9,0,0
1169,4/10/19 12:55,11.62,8.9,0,0
1170,4/10/19 13:05,11.62,8.92,0,0
1171,4/10/19 13:15,11.62,8.92,0,0
1172,4/10/19 13:25,11.62,8.94,0,0
1173,4/10/19 13:35,11.62,8.98,0,0
1174,4/10/19 13:45,11.62,9,0,0
1175,4/10/19 13:55,11.61,9.04,0,0
1176,4/10/19 14:05,11.6,9.06,0,0
1177,4/10/19 14:15,11.59,9.1,0,0
1178,4/10/19 14:25,11.6,9.12,0,0
1179,4/10/19 14:35,11.58,9.14,0,0
1180,4/10/19 14:45,11.58,9.16,0,0
1181,4/10/19 14:55,11.58,9.18,0,0
1182,4/10/19 15:05,11.58,9.18,0,0
1183,4/10/19 15:15,11.57,9.18,0,0
1184,4/10/19 15:25,11.56,9.18,0,0
1185,4/10/19 15:35,11.56,9.18,0,0
1186,4/10/19 15:45,11.57,9.18,0,0
1187,4/10/19 15:55,11.58,9.18,0,0
1188,4/10/19 16:05,11.55,9.18,0,0
1189,4/10/19 16:15,11.56,9.18,0,0
1190,4/10/19 16:25,11.56,9.18,0,0
1191,4/10/19 16:35,11.57,9.18,0,0
1192,4/10/19 16:45,11.57,9.18,0,0
1193,4/10/19 16:55,11.57,9.18,0,0
1194,4/10/19 17:05,11.57,9.16,0,0
1195,4/10/19 17:15,11.56,9.16,0,0
1196,4/10/19 17:25,11.57,9.16,0,0
1197,4/10/19 17:35,11.55,9.14,0,0
1198,4/10/19 17:45,11.56,9.14,0,0
1199,4/10/19 17:55,11.56,9.12,0,0
1200,4/10/19 18:05,11.57,9.12,0,0
1201,4/10/19 18:15,11.57,9.1,0,0
1202,4/10/19 18:25,11.56,9.1,0,0
1203,4/10/19 18:35,11.56,9.08,0,0
1204,4/10/19 18:45,11.56,9.06,0,0
1205,4/10/19 18:55,11.56,9.02,0,0
1206,4/10/19 19:05,11.56,9,0,0
1207,4/10/19 19:15,11.55,8.98,0,0
1208,4/10/19 19:25,11.57,8.96,0,0
1209,4/10/19 19:35,11.57,8.94,0,0
1210,4/10/19 19:45,11.57,8.92,0,0
1211,4/10/19 19:55,11.57,8.9,0,0
1212,4/10/19 20:05,11.57,8.88,0,0
1213,4/10/19 20:15,11.57,8.86,0,0
1214,4/10/19 20:25,11.57,8.86,0,0
1215,4/10/19 20:35,11.59,8.86,0,0
1216,4/10/19 20:45,11.57,8.86,0,0
1217,4/10/19 20:55,11.58,8.88,0,0
1218,4/10/19 21:05,11.58,8.9,0,0
1219,4/10/19 21:15,11.57,8.92,0,0
1220,4/10/19 21:25,11.57,8.92,0,0
1221,4/10/19 21:35,11.56,8.92,0,0
1222,4/10/19 21:45,11.56,8.92,0,0
1223,4/10/19 21:55,11.57,8.92,0,0
1224,4/10/19 22:05,11.57,8.92,0,0
1225,4/10/19 22:15,11.58,8.92,0,0
1226,4/10/19 22:25,11.58,8.92,0,0
1227,4/10/19 22:35,11.59,8.9,0,0
1228,4/10/19 22:45,11.58,8.9,0,0
1229,4/10/19 22:55,11.57,8.9,0,0
1230,4/10/19 23:05,11.57,8.9,0,0
1231,4/10/19 23:15,11.59,8.9,0,0
1232,4/10/19 23:25,11.59,8.9,0,0
1233,4/10/19 23:35,11.58,8.9,0,0
1234,4/10/19 23:45,11.59,8.92,0,0
1235,4/10/19 23:55,11.57,8.94,0,0
1236,4/11/19 0:05,11.58,8.96,0,0
1237,4/11/19 0:15,11.57,8.96,0,0
1238,4/11/19 0:25,11.59,8.98,0,0
1239,4/11/19 0:35,11.57,8.98,0,0
1240,4/11/19 0:45,11.57,8.98,0,0
1241,4/11/19 0:55,11.57,8.98,0,0
1242,4/11/19 1:05,11.57,8.98,0,0
1243,4/11/19 1:15,11.57,8.98,0,0
1244,4/11/19 1:25,11.57,8.96,0,0
1245,4/11/19 1:35,11.57,8.96,0,0
1246,4/11/19 1:45,11.57,8.94,0,0
1247,4/11/19 1:55,11.58,8.94,0,0
1248,4/11/19 2:05,11.58,8.92,0,0
1249,4/11/19 2:15,11.58,8.92,0,0
1250,4/11/19 2:25,11.57,8.9,0,0
1251,4/11/19 2:35,11.57,8.9,0,0
1252,4/11/19 2:45,11.58,8.88,0,0
1253,4/11/19 2:55,11.57,8.88,0,0
1254,4/11/19 3:05,11.57,8.88,0,0
1255,4/11/19 3:15,11.57,8.88,0,0
1256,4/11/19 3:25,11.58,8.88,0,0
1257,4/11/19 3:35,11.57,8.88,0,0
1258,4/11/19 3:45,11.56,8.88,0,0
1259,4/11/19 3:55,11.57,8.88,0,0
1260,4/11/19 4:05,11.57,8.9,0,0
1261,4/11/19 4:15,11.56,8.9,0,0
1262,4/11/19 4:25,11.56,8.92,0,0
1263,4/11/19 4:35,11.57,8.92,0,0
1264,4/11/19 4:45,11.56,8.92,0,0
1265,4/11/19 4:55,11.57,8.9,0,0
1266,4/11/19 5:05,11.56,8.9,0,0
1267,4/11/19 5:15,11.57,8.9,0,0
1268,4/11/19 5:25,11.55,8.88,0,0
1269,4/11/19 5:35,11.56,8.88,0,0
1270,4/11/19 5:45,11.58,8.88,0,0
1271,4/11/19 5:55,11.57,8.86,0,0
1272,4/11/19 6:05,11.58,8.86,0,0
1273,4/11/19 6:15,11.57,8.86,0,0
1274,4/11/19 6:25,11.57,8.86,0,0
1275,4/11/19 6:35,11.57,8.84,0,0
1276,4/11/19 6:45,11.58,8.84,0,0
1277,4/11/19 6:55,11.58,8.84,0,0
1278,4/11/19 7:05,11.58,8.82,0,0
1279,4/11/19 7:15,11.57,8.82,0,0
1280,4/11/19 7:25,11.59,8.82,0,0
1281,4/11/19 7:35,11.58,8.82,0,0
1282,4/11/19 7:45,11.58,8.82,0,0
1283,4/11/19 7:55,11.59,8.82,0,0
1284,4/11/19 8:05,11.59,8.82,0,0
1285,4/11/19 8:15,11.59,8.82,0,0
1286,4/11/19 8:25,11.57,8.84,0,0
1287,4/11/19 8:35,11.59,8.84,0,0
1288,4/11/19 8:45,11.6,8.84,0,0
1289,4/11/19 8:55,11.58,8.84,0,0
1290,4/11/19 9:05,11.6,8.84,0,0
1291,4/11/19 9:15,11.59,8.84,0,0
1292,4/11/19 9:25,11.59,8.86,0,0
1293,4/11/19 9:35,11.59,8.86,0,0
1294,4/11/19 9:45,11.59,8.86,0,0
1295,4/11/19 9:55,11.6,8.86,0,0
1296,4/11/19 10:05,11.6,8.86,0,0
1297,4/11/19 10:15,11.6,8.86,0,0
1298,4/11/19 10:25,11.6,8.88,0,0
1299,4/11/19 10:35,11.6,8.9,0,0
1300,4/11/19 10:45,11.6,8.92,0,0
1301,4/11/19 10:55,11.59,8.94,0,0
1302,4/11/19 11:05,11.59,8.96,0,0
1303,4/11/19 11:15,11.59,8.96,0,0
1304,4/11/19 11:25,11.6,8.98,0,0
1305,4/11/19 11:35,11.59,9,0,0
1306,4/11/19 11:45,11.58,9.04,0,0
1307,4/11/19 11:55,11.57,9.06,0,0
1308,4/11/19 12:05,11.57,9.1,0,0
1309,4/11/19 12:15,11.56,9.12,0,0
1310,4/11/19 12:25,11.55,9.14,0,0
1311,4/11/19 12:35,11.55,9.16,0,0
1312,4/11/19 12:45,11.54,9.16,0,0
1313,4/11/19 12:55,11.54,9.18,0,0
1314,4/11/19 13:05,11.54,9.18,0,0
1315,4/11/19 13:15,11.54,9.2,0,0
1316,4/11/19 13:25,11.53,9.22,0,0
1317,4/11/19 13:35,11.53,9.22,0,0
1318,4/11/19 13:45,11.52,9.24,0,0
1319,4/11/19 13:55,11.52,9.24,0,0
1320,4/11/19 14:05,11.5,9.26,0,0
1321,4/11/19 14:15,11.51,9.28,0,0
1322,4/11/19 14:25,11.51,9.3,0,0
1323,4/11/19 14:35,11.51,9.32,0,0
1324,4/11/19 14:45,11.5,9.34,0,0
1325,4/11/19 14:55,11.51,9.4,0,0
1326,4/11/19 15:05,11.48,9.46,0,0
1327,4/11/19 15:15,11.48,9.48,0,0
1328,4/11/19 15:25,11.46,9.5,0,0
1329,4/11/19 15:35,11.46,9.52,0,0
1330,4/11/19 15:45,11.45,9.52,0,0
1331,4/11/19 15:55,11.44,9.52,0,0
1332,4/11/19 16:05,11.44,9.5,0,0
1333,4/11/19 16:15,11.45,9.48,0,0
1334,4/11/19 16:25,11.45,9.46,0,0
1335,4/11/19 16:35,11.44,9.42,0,0
1336,4/11/19 16:45,11.46,9.38,0,0
1337,4/11/19 16:55,11.47,9.34,0,0
1338,4/11/19 17:05,11.48,9.32,0,0
1339,4/11/19 17:15,11.48,9.28,0,0
1340,4/11/19 17:25,11.48,9.26,0,0
1341,4/11/19 17:35,11.48,9.22,0,0
1342,4/11/19 17:45,11.49,9.2,0,0
1343,4/11/19 17:55,11.49,9.18,0,0
1344,4/11/19 18:05,11.49,9.16,0,0
1345,4/11/19 18:15,11.5,9.14,0,0
1346,4/11/19 18:25,11.49,9.12,0,0
1347,4/11/19 18:35,11.5,9.1,0,0
1348,4/11/19 18:45,11.5,9.08,0,0
1349,4/11/19 18:55,11.5,9.06,0,0
1350,4/11/19 19:05,11.49,9.04,0,0
1351,4/11/19 19:15,11.5,9.04,0,0
1352,4/11/19 19:25,11.5,9.02,0,0
1353,4/11/19 19:35,11.5,9,0,0
1354,4/11/19 19:45,11.51,9,0,0
1355,4/11/19 19:55,11.5,8.98,0,0
1356,4/11/19 20:05,11.5,8.98,0,0
1357,4/11/19 20:15,11.52,8.98,0,0
1358,4/11/19 20:25,11.51,8.98,0,0
1359,4/11/19 20:35,11.51,8.98,0,0
1360,4/11/19 20:45,11.51,9,0,0
1361,4/11/19 20:55,11.52,9,0,0
1362,4/11/19 21:05,11.52,9,0,0
1363,4/11/19 21:15,11.52,9,0,0
1364,4/11/19 21:25,11.52,8.98,0,0
1365,4/11/19 21:35,11.52,8.98,0,0
1366,4/11/19 21:45,11.53,8.98,0,0
1367,4/11/19 21:55,11.52,9,0,0
1368,4/11/19 22:05,11.52,9,0,0
1369,4/11/19 22:15,11.52,9,0,0
1370,4/11/19 22:25,11.53,9,0,0
1371,4/11/19 22:35,11.51,9.02,0,0
1372,4/11/19 22:45,11.52,9.02,0,0
1373,4/11/19 22:55,11.51,9.02,0,0
1374,4/11/19 23:05,11.53,9.04,0,0
1375,4/11/19 23:15,11.52,9.02,0,0
1376,4/11/19 23:25,11.51,9.02,0,0
1377,4/11/19 23:35,11.52,9.02,0,0
1378,4/11/19 23:45,11.52,9.02,0,0
1379,4/11/19 23:55,11.51,9.02,0,0
1380,4/12/19 0:05,11.53,9,0,0
1381,4/12/19 0:15,11.53,9,0,0
1382,4/12/19 0:25,11.53,9,0,0
1383,4/12/19 0:35,11.52,9,0,0
1384,4/12/19 0:45,11.53,9,0,0
1385,4/12/19 0:55,11.54,9,0,0
1386,4/12/19 1:05,11.53,9,0,0
1387,4/12/19 1:15,11.52,9,0,0
1388,4/12/19 1:25,11.53,8.98,0,0
1389,4/12/19 1:35,11.54,8.98,0,0
1390,4/12/19 1:45,11.53,8.98,0,0
1391,4/12/19 1:55,11.53,8.98,0,0
1392,4/12/19 2:05,11.53,9,0,0
1393,4/12/19 2:15,11.53,9,0,0
1394,4/12/19 2:25,11.54,9,0,0
1395,4/12/19 2:35,11.53,9,0,0
1396,4/12/19 2:45,11.53,9,0,0
1397,4/12/19 2:55,11.52,9,0,0
1398,4/12/19 3:05,11.52,9,0,0
1399,4/12/19 3:15,11.53,9,0,0
1400,4/12/19 3:25,11.52,9,0,0
1401,4/12/19 3:35,11.54,9,0,0
1402,4/12/19 3:45,11.54,9,0,0
1403,4/12/19 3:55,11.53,9,0,0
1404,4/12/19 4:05,11.54,9,0,0
1405,4/12/19 4:15,11.54,9,0,0
1406,4/12/19 4:25,11.54,9,0,0
1407,4/12/19 4:35,11.54,9,0,0
1408,4/12/19 4:45,11.54,9,0,0
1409,4/12/19 4:55,11.54,9.02,0,0
1410,4/12/19 5:05,11.54,9.02,0,0
1411,4/12/19 5:15,11.54,9.02,0,0
1412,4/12/19 5:25,11.54,9.02,0,0
1413,4/12/19 5:35,11.54,9.02,0,0
1414,4/12/19 5:45,11.54,9.02,0,0
1415,4/12/19 5:55,11.54,9.02,0,0
1416,4/12/19 6:05,11.54,9.02,0,0
1417,4/12/19 6:15,11.55,9,0,0
1418,4/12/19 6:25,11.55,9,0,0
1419,4/12/19 6:35,11.54,9,0,0
1420,4/12/19 6:45,11.55,8.98,0,0
1421,4/12/19 6:55,11.56,8.98,0,0
1422,4/12/19 7:05,11.55,8.98,0,0
1423,4/12/19 7:15,11.57,8.96,0,0
1424,4/12/19 7:25,11.56,8.96,0,0
1425,4/12/19 7:35,11.56,8.96,0,0
1426,4/12/19 7:45,11.58,8.96,0,0
1427,4/12/19 7:55,11.57,8.96,0,0
1428,4/12/19 8:05,11.57,8.96,0,0
1429,4/12/19 8:15,11.57,8.96,0,0
1430,4/12/19 8:25,11.57,8.96,0,0
1431,4/12/19 8:35,11.56,8.98,0,0
1432,4/12/19 8:45,11.58,8.98,0,0
1433,4/12/19 8:55,11.58,8.98,0,0
1434,4/12/19 9:05,11.59,8.98,0,0
1435,4/12/19 9:15,11.58,8.98,0,0
1436,4/12/19 9:25,11.59,9,0,0
1437,4/12/19 9:35,11.58,9,0,0
1438,4/12/19 9:45,11.59,9.02,0,0
1439,4/12/19 9:55,11.6,9.02,0,0
1440,4/12/19 10:05,11.59,9.04,0,0
1441,4/12/19 10:15,11.59,9.04,0,0
1442,4/12/19 10:25,11.58,9.04,0,0
1443,4/12/19 10:35,11.59,9.04,0,0
1444,4/12/19 10:45,11.58,9.06,0,0
1445,4/12/19 10:55,11.59,9.06,0,0
1446,4/12/19 11:05,11.58,9.06,0,0
1447,4/12/19 11:15,11.58,9.06,0,0
1448,4/12/19 11:25,11.58,9.06,0,0
1449,4/12/19 11:35,11.58,9.06,0,0
1450,4/12/19 11:45,11.58,9.06,0,0
1451,4/12/19 11:55,11.58,9.06,0,0
1452,4/12/19 12:05,11.58,9.06,0,0
1453,4/12/19 12:15,11.59,9.06,0,0
1454,4/12/19 12:25,11.58,9.06,0,0
1455,4/12/19 12:35,11.58,9.06,0,0
1456,4/12/19 12:45,11.59,9.08,0,0
1457,4/12/19 12:55,11.59,9.08,0,0
1458,4/12/19 13:05,11.59,9.08,0,0
1459,4/12/19 13:15,11.58,9.1,0,0
1460,4/12/19 13:25,11.59,9.12,0,0
1461,4/12/19 13:35,11.58,9.16,0,0
1462,4/12/19 13:45,11.58,9.18,0,0
1463,4/12/19 13:55,11.57,9.2,0,0
1464,4/12/19 14:05,11.58,9.24,0,0
1465,4/12/19 14:15,11.59,9.28,0,0
1466,4/12/19 14:25,11.59,9.32,0,0
1467,4/12/19 14:35,11.58,9.36,0,0
1468,4/12/19 14:45,11.58,9.38,0,0
1469,4/12/19 14:55,11.57,9.42,0,0
1470,4/12/19 15:05,11.56,9.44,0,0
1471,4/12/19 15:15,11.56,9.46,0,0
1472,4/12/19 15:25,11.55,9.48,0,0
1473,4/12/19 15:35,11.54,9.5,0,0
1474,4/12/19 15:45,11.54,9.52,0,0
1475,4/12/19 15:55,11.53,9.52,0,0
1476,4/12/19 16:05,11.53,9.52,0,0
1477,4/12/19 16:15,11.53,9.52,0,0
1478,4/12/19 16:25,11.52,9.5,0,0
1479,4/12/19 16:35,11.52,9.48,0,0
1480,4/12/19 16:45,11.52,9.48,0,0
1481,4/12/19 16:55,11.51,9.46,0,0
1482,4/12/19 17:05,11.51,9.46,0,0
1483,4/12/19 17:15,11.51,9.44,0,0
1484,4/12/19 17:25,11.51,9.42,0,0
1485,4/12/19 17:35,11.51,9.42,0,0
1486,4/12/19 17:45,11.52,9.4,0,0
1487,4/12/19 17:55,11.51,9.38,0,0
1488,4/12/19 18:05,11.5,9.36,0,0
1489,4/12/19 18:15,11.51,9.36,0,0
1490,4/12/19 18:25,11.51,9.34,0,0
1491,4/12/19 18:35,11.52,9.32,0,0
1492,4/12/19 18:45,11.51,9.3,0,0
1493,4/12/19 18:55,11.51,9.3,0,0
1494,4/12/19 19:05,11.51,9.28,0,0
1495,4/12/19 19:15,11.52,9.26,0,0
1496,4/12/19 19:25,11.5,9.22,0,0
1497,4/12/19 19:35,11.51,9.2,0,0
1498,4/12/19 19:45,11.52,9.18,0,0
1499,4/12/19 19:55,11.52,9.16,0,0
1500,4/12/19 20:05,11.53,9.16,0,0
1501,4/12/19 20:15,11.53,9.14,0,0
1502,4/12/19 20:25,11.52,9.12,0,0
1503,4/12/19 20:35,11.52,9.12,0,0
1504,4/12/19 20:45,11.52,9.1,0,0
1505,4/12/19 20:55,11.52,9.08,0,0
1506,4/12/19 21:05,11.52,9.08,0,0
1507,4/12/19 21:15,11.52,9.06,0,0
1508,4/12/19 21:25,11.52,9.06,0,0
1509,4/12/19 21:35,11.53,9.04,0,0
1510,4/12/19 21:45,11.52,9.04,0,0
1511,4/12/19 21:55,11.53,9.04,0,0
1512,4/12/19 22:05,11.52,9.02,0,0
1513,4/12/19 22:15,11.54,9.02,0,0
1514,4/12/19 22:25,11.54,9.02,0,0
1515,4/12/19 22:35,11.54,9.02,0,0
1516,4/12/19 22:45,11.54,9.02,0,0
1517,4/12/19 22:55,11.53,9.02,0,0
1518,4/12/19 23:05,11.54,9.02,0,0
1519,4/12/19 23:15,11.54,9.02,0,0
1520,4/12/19 23:25,11.53,9.02,0,0
1521,4/12/19 23:35,11.53,9,0,0
1522,4/12/19 23:45,11.53,9,0,0
1523,4/12/19 23:55,11.52,9,0,0
1524,4/13/19 0:05,11.54,9,0,0
1525,4/13/19 0:15,11.53,8.98,0,0
1526,4/13/19 0:25,11.54,8.98,0,0
1527,4/13/19 0:35,11.53,8.98,0,0
1528,4/13/19 0:45,11.54,9,0,0
1529,4/13/19 0:55,11.53,9,0,0
1530,4/13/19 1:05,11.52,9,0,0
1531,4/13/19 1:15,11.53,9,0,0
1532,4/13/19 1:25,11.53,9,0,0
1533,4/13/19 1:35,11.54,9,0,0
1534,4/13/19 1:45,11.54,9.02,0,0
1535,4/13/19 1:55,11.53,9.02,0,0
1536,4/13/19 2:05,11.54,9.02,0,0
1537,4/13/19 2:15,11.54,9.02,0,0
1538,4/13/19 2:25,11.54,9.02,0,0
1539,4/13/19 2:35,11.54,9.04,0,0
1540,4/13/19 2:45,11.54,9.04,0,0
1541,4/13/19 2:55,11.53,9.04,0,0
1542,4/13/19 3:05,11.53,9.06,0,0
1543,4/13/19 3:15,11.53,9.06,0,0
1544,4/13/19 3:25,11.52,9.04,0,0
1545,4/13/19 3:35,11.52,9.04,0,0
1546,4/13/19 3:45,11.52,9.04,0,0
1547,4/13/19 3:55,11.53,9.02,0,0
1548,4/13/19 4:05,11.52,9,0,0
1549,4/13/19 4:15,11.53,9,0,0
1550,4/13/19 4:25,11.52,9,0,0
1551,4/13/19 4:35,11.52,8.98,0,0
1552,4/13/19 4:45,11.52,8.98,0,0
1553,4/13/19 4:55,11.53,8.96,0,0
1554,4/13/19 5:05,11.53,8.96,0,0
1555,4/13/19 5:15,11.52,8.94,0,0
1556,4/13/19 5:25,11.53,8.92,0,0
1557,4/13/19 5:35,11.53,8.9,0,0
1558,4/13/19 5:45,11.54,8.9,0,0
1559,4/13/19 5:55,11.54,8.9,0,0
1560,4/13/19 6:05,11.54,8.9,0,0
1561,4/13/19 6:15,11.54,8.94,0,0
1562,4/13/19 6:25,11.53,8.96,0,0
1563,4/13/19 6:35,11.53,8.98,0,0
1564,4/13/19 6:45,11.53,9,0,0
1565,4/13/19 6:55,11.52,9.02,0,0
1566,4/13/19 7:05,11.53,9.04,0,0
1567,4/13/19 7:15,11.52,9.04,0,0
1568,4/13/19 7:25,11.51,9.06,0,0
1569,4/13/19 7:35,11.51,9.06,0,0
1570,4/13/19 7:45,11.51,9.06,0,0
1571,4/13/19 7:55,11.5,9.06,0,0
1572,4/13/19 8:05,11.5,9.04,0,0
1573,4/13/19 8:15,11.52,9.04,0,0
1574,4/13/19 8:25,11.51,9.04,0,0
1575,4/13/19 8:35,11.52,9.02,0,0
1576,4/13/19 8:45,11.51,9,0,0
1577,4/13/19 8:55,11.52,9,0,0
1578,4/13/19 9:05,11.52,9,0,0
1579,4/13/19 9:15,11.52,8.98,0,0
1580,4/13/19 9:25,11.53,8.98,0,0
1581,4/13/19 9:35,11.52,8.98,0,0
1582,4/13/19 9:45,11.52,8.96,0,0
1583,4/13/19 9:55,11.51,8.96,0,0
1584,4/13/19 10:05,11.51,8.96,0,0
1585,4/13/19 10:15,11.52,8.96,0,0
1586,4/13/19 10:25,11.52,8.96,0,0
1587,4/13/19 10:35,11.53,8.96,0,0
1588,4/13/19 10:45,11.53,8.94,0,0
1589,4/13/19 10:55,11.53,8.96,0,0
1590,4/13/19 11:05,11.53,8.96,0,0
1591,4/13/19 11:15,11.53,8.96,0,0
1592,4/13/19 11:25,11.53,8.96,0,0
1593,4/13/19 11:35,11.53,8.96,0,0
1594,4/13/19 11:45,11.53,8.96,0,0
1595,4/13/19 11:55,11.52,8.96,0,0
1596,4/13/19 12:05,11.53,8.96,0,0
1597,4/13/19 12:15,11.53,8.96,0,0
1598,4/13/19 12:25,11.52,8.96,0,0
1599,4/13/19 12:35,11.52,8.96,0,0
1600,4/13/19 12:45,11.53,8.96,0,0
1601,4/13/19 12:55,11.53,8.96,0,0
1602,4/13/19 13:05,11.53,8.96,0,0
1603,4/13/19 13:15,11.52,8.96,0,0
1604,4/13/19 13:25,11.53,8.96,0,0
1605,4/13/19 13:35,11.52,8.98,0,0
1606,4/13/19 13:45,11.52,8.98,0,0
1607,4/13/19 13:55,11.52,8.98,0,0
1608,4/13/19 14:05,11.51,9,0,0
1609,4/13/19 14:15,11.51,9.02,0,0
1610,4/13/19 14:25,11.49,9.04,0,0
1611,4/13/19 14:35,11.5,9.04,0,0
1612,4/13/19 14:45,11.5,9.08,0,0
1613,4/13/19 14:55,11.5,9.12,0,0
1614,4/13/19 15:05,11.49,9.16,0,0
1615,4/13/19 15:15,11.48,9.2,0,0
1616,4/13/19 15:25,11.48,9.24,0,0
1617,4/13/19 15:35,11.47,9.28,0,0
1618,4/13/19 15:45,11.47,9.3,0,0
1619,4/13/19 15:55,11.45,9.34,0,0
1620,4/13/19 16:05,11.45,9.36,0,0
1621,4/13/19 16:15,11.44,9.38,0,0
1622,4/13/19 16:25,11.44,9.38,0,0
1623,4/13/19 16:35,11.42,9.4,0,0
1624,4/13/19 16:45,11.42,9.4,0,0
1625,4/13/19 16:55,11.43,9.42,0,0
1626,4/13/19 17:05,11.42,9.4,0,0
1627,4/13/19 17:15,11.41,9.4,0,0
1628,4/13/19 17:25,11.42,9.4,0,0
1629,4/13/19 17:35,11.42,9.38,0,0
1630,4/13/19 17:45,11.42,9.36,0,0
1631,4/13/19 17:55,11.42,9.34,0,0
1632,4/13/19 18:05,11.42,9.32,0,0
1633,4/13/19 18:15,11.43,9.3,0,0
1634,4/13/19 18:25,11.44,9.28,0,0
1635,4/13/19 18:35,11.43,9.26,0,0
1636,4/13/19 18:45,11.43,9.26,0,0
1637,4/13/19 18:55,11.43,9.24,0,0
1638,4/13/19 19:05,11.44,9.22,0,0
1639,4/13/19 19:15,11.43,9.22,0,0
1640,4/13/19 19:25,11.44,9.2,0,0
1641,4/13/19 19:35,11.44,9.18,0,0
1642,4/13/19 19:45,11.45,9.18,0,0
1643,4/13/19 19:55,11.43,9.16,0,0
1644,4/13/19 20:05,11.44,9.14,0,0
1645,4/13/19 20:15,11.45,9.14,0,0
1646,4/13/19 20:25,11.45,9.12,0,0
1647,4/13/19 20:35,11.46,9.12,0,0
1648,4/13/19 20:45,11.46,9.1,0,0
1649,4/13/19 20:55,11.46,9.1,0,0
1650,4/13/19 21:05,11.45,9.08,0,0
1651,4/13/19 21:15,11.46,9.08,0,0
1652,4/13/19 21:25,11.46,9.08,0,0
1653,4/13/19 21:35,11.46,9.06,0,0
1654,4/13/19 21:45,11.47,9.06,0,0
1655,4/13/19 21:55,11.47,9.06,0,0
1656,4/13/19 22:05,11.47,9.04,0,0
1657,4/13/19 22:15,11.47,9.02,0,0
1658,4/13/19 22:25,11.48,9.02,0,0
1659,4/13/19 22:35,11.48,9,0,0
1660,4/13/19 22:45,11.48,9,0,0
1661,4/13/19 22:55,11.48,8.98,0,0
1662,4/13/19 23:05,11.49,8.98,0,0
1663,4/13/19 23:15,11.49,8.98,0,0
1664,4/13/19 23:25,11.5,8.98,0,0
1665,4/13/19 23:35,11.49,8.98,0,0
1666,4/13/19 23:45,11.5,8.98,0,0
1667,4/13/19 23:55,11.49,8.96,0,0
1668,4/14/19 0:05,11.5,8.96,0,0
1669,4/14/19 0:15,11.5,8.96,0,0
1670,4/14/19 0:25,11.49,8.96,0,0
1671,4/14/19 0:35,11.5,8.96,0,0
1672,4/14/19 0:45,11.51,8.96,0,0
1673,4/14/19 0:55,11.51,8.96,0,0
1674,4/14/19 1:05,11.5,8.98,0,0
1675,4/14/19 1:15,11.5,8.98,0,0
1676,4/14/19 1:25,11.5,8.98,0,0
1677,4/14/19 1:35,11.5,8.98,0,0
1678,4/14/19 1:45,11.5,8.98,0,0
1679,4/14/19 1:55,11.5,8.98,0,0
1680,4/14/19 2:05,11.5,8.98,0,0
1681,4/14/19 2:15,11.49,8.98,0,0
1682,4/14/19 2:25,11.49,8.98,0,0
1683,4/14/19 2:35,11.49,8.98,0,0
1684,4/14/19 2:45,11.49,8.98,0,0
1685,4/14/19 2:55,11.5,8.98,0,0
1686,4/14/19 3:05,11.51,8.98,0,0
1687,4/14/19 3:15,11.51,8.98,0,0
1688,4/14/19 3:25,11.5,8.98,0,0
1689,4/14/19 3:35,11.5,9,0,0
1690,4/14/19 3:45,11.52,9,0,0
1691,4/14/19 3:55,11.5,9,0,0
1692,4/14/19 4:05,11.51,9.02,0,0
1693,4/14/19 4:15,11.49,9,0,0
1694,4/14/19 4:25,11.49,9,0,0
1695,4/14/19 4:35,11.49,9,0,0
1696,4/14/19 4:45,11.5,9,0,0
1697,4/14/19 4:55,11.5,9,0,0
1698,4/14/19 5:05,11.5,9,0,0
1699,4/14/19 5:15,11.51,9,0,0
1700,4/14/19 5:25,11.5,9,0,0
1701,4/14/19 5:35,11.5,9,0,0
1702,4/14/19 5:45,11.49,8.98,0,0
1703,4/14/19 5:55,11.5,8.98,0,0
1704,4/14/19 6:05,11.51,8.98,0,0
1705,4/14/19 6:15,11.5,8.96,0,0
1706,4/14/19 6:25,11.51,8.96,0,0
1707,4/14/19 6:35,11.51,8.96,0,0
1708,4/14/19 6:45,11.51,8.96,0,0
1709,4/14/19 6:55,11.51,8.98,0,0
1710,4/14/19 7:05,11.51,8.98,0,0
1711,4/14/19 7:15,11.52,9,0,0
1712,4/14/19 7:25,11.52,9.02,0,0
1713,4/14/19 7:35,11.51,9.02,0,0
1714,4/14/19 7:45,11.51,9.04,0,0
1715,4/14/19 7:55,11.52,9.06,0,0
1716,4/14/19 8:05,11.52,9.06,0,0
1717,4/14/19 8:15,11.51,9.06,0,0
1718,4/14/19 8:25,11.51,9.08,0,0
1719,4/14/19 8:35,11.5,9.08,0,0
1720,4/14/19 8:45,11.51,9.1,0,0
1721,4/14/19 8:55,11.51,9.1,0,0
1722,4/14/19 9:05,11.51,9.12,0,0
1723,4/14/19 9:15,11.51,9.12,0,0
1724,4/14/19 9:25,11.51,9.14,0,0
1725,4/14/19 9:35,11.51,9.14,0,0
1726,4/14/19 9:45,11.51,9.16,0,0
1727,4/14/19 9:55,11.5,9.16,0,0
1728,4/14/19 10:05,11.5,9.18,0,0
1729,4/14/19 10:15,11.49,9.18,0,0
1730,4/14/19 10:25,11.5,9.18,0,0
1731,4/14/19 10:35,11.49,9.18,0,0
1732,4/14/19 10:45,11.49,9.18,0,0
1733,4/14/19 10:55,11.49,9.2,0,0
1734,4/14/19 11:05,11.51,9.2,0,0
1735,4/14/19 11:15,11.49,9.22,0,0
1736,4/14/19 11:25,11.49,9.24,0,0
1737,4/14/19 11:35,11.49,9.24,0,0
1738,4/14/19 11:45,11.49,9.24,0,0
1739,4/14/19 11:55,11.49,9.26,0,0
1740,4/14/19 12:05,11.49,9.26,0,0
1741,4/14/19 12:15,11.48,9.26,0,0
1742,4/14/19 12:25,11.48,9.26,0,0
1743,4/14/19 12:35,11.47,9.24,0,0
1744,4/14/19 12:45,11.48,9.22,0,0
1745,4/14/19 12:55,11.48,9.22,0,0
1746,4/14/19 13:05,11.48,9.22,0,0
1747,4/14/19 13:15,11.48,9.2,0,0
1748,4/14/19 13:25,11.49,9.22,0,0
1749,4/14/19 13:35,11.48,9.22,0,0
1750,4/14/19 13:45,11.48,9.2,0,0
1751,4/14/19 13:55,11.48,9.22,0,0
1752,4/14/19 14:05,11.48,9.22,0,0
1753,4/14/19 14:15,11.5,9.22,0,0
1754,4/14/19 14:25,11.49,9.24,0,0
1755,4/14/19 14:35,11.48,9.26,0,0
1756,4/14/19 14:45,11.49,9.28,0,0
1757,4/14/19 14:55,11.49,9.3,0,0
1758,4/14/19 15:05,11.49,9.32,0,0
1759,4/14/19 15:15,11.48,9.32,0,0
1760,4/14/19 15:25,11.48,9.32,0,0
1761,4/14/19 15:35,11.48,9.32,0,0
1762,4/14/19 15:45,11.48,9.3,0,0
1763,4/14/19 15:55,11.48,9.28,0,0
1764,4/14/19 16:05,11.48,9.28,0,0
1765,4/14/19 16:15,11.48,9.26,0,0
1766,4/14/19 16:25,11.48,9.26,0,0
1767,4/14/19 16:35,11.48,9.24,0,0
1768,4/14/19 16:45,11.49,9.24,0,0
1769,4/14/19 16:55,11.48,9.22,0,0
1770,4/14/19 17:05,11.48,9.22,0,0
1771,4/14/19 17:15,11.49,9.22,0,0
1772,4/14/19 17:25,11.5,9.22,0,0
1773,4/14/19 17:35,11.49,9.22,0,0
1774,4/14/19 17:45,11.49,9.22,0,0
1775,4/14/19 17:55,11.49,9.22,0,0
1776,4/14/19 18:05,11.48,9.22,0,0
1777,4/14/19 18:15,11.47,9.22,0,0
1778,4/14/19 18:25,11.48,9.2,0,0
1779,4/14/19 18:35,11.48,9.2,0,0
1780,4/14/19 18:45,11.47,9.2,0,0
1781,4/14/19 18:55,11.47,9.2,0,0
1782,4/14/19 19:05,11.47,9.2,0,0
1783,4/14/19 19:15,11.47,9.2,0,0
1784,4/14/19 19:25,11.47,9.18,0,0
1785,4/14/19 19:35,11.47,9.18,0,0
1786,4/14/19 19:45,11.47,9.18,0,0
1787,4/14/19 19:55,11.46,9.18,0,0
1788,4/14/19 20:05,11.47,9.16,0,0
1789,4/14/19 20:15,11.47,9.16,0,0
1790,4/14/19 20:25,11.47,9.16,0,0
1791,4/14/19 20:35,11.46,9.14,0,0
1792,4/14/19 20:45,11.47,9.14,0,0
1793,4/14/19 20:55,11.47,9.14,0,0
1794,4/14/19 21:05,11.46,9.12,0,0
1795,4/14/19 21:15,11.47,9.12,0,0
1796,4/14/19 21:25,11.47,9.12,0,0
1797,4/14/19 21:35,11.48,9.1,0,0
1798,4/14/19 21:45,11.47,9.1,0,0
1799,4/14/19 21:55,11.47,9.08,0,0
1800,4/14/19 22:05,11.48,9.08,0,0
1801,4/14/19 22:15,11.48,9.06,0,0
1802,4/14/19 22:25,11.47,9.06,0,0
1803,4/14/19 22:35,11.47,9.06,0,0
1804,4/14/19 22:45,11.48,9.04,0,0
1805,4/14/19 22:55,11.48,9.04,0,0
1806,4/14/19 23:05,11.48,9.02,0,0
1807,4/14/19 23:15,11.48,9.02,0,0
1808,4/14/19 23:25,11.48,9.02,0,0
1809,4/14/19 23:35,11.5,9,0,0
1810,4/14/19 23:45,11.49,9,0,0
1811,4/14/19 23:55,11.48,9,0,0
1812,4/15/19 0:05,11.48,9,0,0
1813,4/15/19 0:15,11.48,8.98,0,0
1814,4/15/19 0:25,11.49,8.96,0,0
1815,4/15/19 0:35,11.49,8.96,0,0
1816,4/15/19 0:45,11.48,8.96,0,0
1817,4/15/19 0:55,11.49,8.96,0,0
1818,4/15/19 1:05,11.5,8.96,0,0
1819,4/15/19 1:15,11.51,8.96,0,0
1820,4/15/19 1:25,11.5,8.96,0,0
1821,4/15/19 1:35,11.5,8.98,0,0
1822,4/15/19 1:45,11.5,8.98,0,0
1823,4/15/19 1:55,11.49,8.98,0,0
1824,4/15/19 2:05,11.5,8.98,0,0
1825,4/15/19 2:15,11.48,9,0,0
1826,4/15/19 2:25,11.49,9,0,0
1827,4/15/19 2:35,11.5,9.02,0,0
1828,4/15/19 2:45,11.5,9.02,0,0
1829,4/15/19 2:55,11.48,9.04,0,0
1830,4/15/19 3:05,11.5,9.04,0,0
1831,4/15/19 3:15,11.49,9.06,0,0
1832,4/15/19 3:25,11.48,9.06,0,0
1833,4/15/19 3:35,11.49,9.06,0,0
1834,4/15/19 3:45,11.48,9.06,0,0
1835,4/15/19 3:55,11.49,9.08,0,0
1836,4/15/19 4:05,11.49,9.08,0,0
1837,4/15/19 4:15,11.47,9.08,0,0
1838,4/15/19 4:25,11.48,9.1,0,0
1839,4/15/19 4:35,11.48,9.1,0,0
1840,4/15/19 4:45,11.48,9.1,0,0
1841,4/15/19 4:55,11.47,9.08,0,0
1842,4/15/19 5:05,11.47,9.08,0,0
1843,4/15/19 5:15,11.47,9.08,0,0
1844,4/15/19 5:25,11.48,9.08,0,0
1845,4/15/19 5:35,11.47,9.06,0,0
1846,4/15/19 5:45,11.46,9.06,0,0
1847,4/15/19 5:55,11.48,9.06,0,0
1848,4/15/19 6:05,11.47,9.06,0,0
1849,4/15/19 6:15,11.48,9.06,0,0
1850,4/15/19 6:25,11.47,9.06,0,0
1851,4/15/19 6:35,11.47,9.04,0,0
1852,4/15/19 6:45,11.47,9.04,0,0
1853,4/15/19 6:55,11.47,9.04,0,0
1854,4/15/19 7:05,11.47,9.04,0,0
1855,4/15/19 7:15,11.47,9.04,0,0
1856,4/15/19 7:25,11.47,9.04,0,0
1857,4/15/19 7:35,11.47,9.04,0,0
1858,4/15/19 7:45,11.48,9.04,0,0
1859,4/15/19 7:55,11.47,9.04,0,0
1860,4/15/19 8:05,11.48,9.06,0,0
1861,4/15/19 8:15,11.48,9.06,0,0
1862,4/15/19 8:25,11.48,9.08,0,0
1863,4/15/19 8:35,11.49,9.1,0,0
1864,4/15/19 8:45,11.48,9.12,0,0
1865,4/15/19 8:55,11.48,9.14,0,0
1866,4/15/19 9:05,11.47,9.16,0,0
1867,4/15/19 9:15,11.47,9.18,0,0
1868,4/15/19 9:25,11.48,9.2,0,0
1869,4/15/19 9:35,11.47,9.2,0,0
1870,4/15/19 9:45,11.46,9.22,0,0
1871,4/15/19 9:55,11.45,9.22,0,0
1872,4/15/19 10:05,11.46,9.22,0,0
1873,4/15/19 10:15,11.45,9.24,0,0
1874,4/15/19 10:25,11.45,9.24,0,0
1875,4/15/19 10:35,11.45,9.24,0,0
1876,4/15/19 10:45,11.45,9.24,0,0
1877,4/15/19 10:55,11.44,9.24,0,0
1878,4/15/19 11:05,11.45,9.26,0,0
1879,4/15/19 11:15,11.44,9.26,0,0
1880,4/15/19 11:25,11.44,9.26,0,0
1881,4/15/19 11:35,11.44,9.26,0,0
1882,4/15/19 11:45,11.44,9.26,0,0
1883,4/15/19 11:55,11.43,9.26,0,0
1884,4/15/19 12:05,11.43,9.28,0,0
1885,4/15/19 12:15,11.43,9.26,0,0
1886,4/15/19 12:25,11.42,9.28,0,0
1887,4/15/19 12:35,11.42,9.28,0,0
1888,4/15/19 12:45,11.43,9.28,0,0
1889,4/15/19 12:55,11.43,9.28,0,0
1890,4/15/19 13:05,11.43,9.28,0,0
1891,4/15/19 13:15,11.42,9.3,0,0
1892,4/15/19 13:25,11.42,9.3,0,0
1893,4/15/19 13:35,11.42,9.3,0,0
1894,4/15/19 13:45,11.42,9.28,0,0
1895,4/15/19 13:55,11.41,9.28,0,0
1896,4/15/19 14:05,11.41,9.28,0,0
1897,4/15/19 14:15,11.41,9.28,0,0
1898,4/15/19 14:25,11.41,9.28,0,0
1899,4/15/19 14:35,11.41,9.28,0,0
1900,4/15/19 14:45,11.42,9.26,0,0
1901,4/15/19 14:55,11.41,9.26,0,0
1902,4/15/19 15:05,11.41,9.26,0,0
1903,4/15/19 15:15,11.42,9.28,0,0
1904,4/15/19 15:25,11.42,9.3,0,0
1905,4/15/19 15:35,11.42,9.32,0,0
1906,4/15/19 15:45,11.43,9.34,0,0
1907,4/15/19 15:55,11.43,9.36,0,0
1908,4/15/19 16:05,11.42,9.38,0,0
1909,4/15/19 16:15,11.42,9.4,0,0
1910,4/15/19 16:25,11.42,9.42,0,0
1911,4/15/19 16:35,11.39,9.44,0,0
1912,4/15/19 16:45,11.41,9.46,0,0
1913,4/15/19 16:55,11.41,9.46,0,0
1914,4/15/19 17:05,11.39,9.48,0,0
1915,4/15/19 17:15,11.41,9.48,0,0
1916,4/15/19 17:25,11.38,9.5,0,0
1917,4/15/19 17:35,11.38,9.5,0,0
1918,4/15/19 17:45,11.38,9.5,0,0
1919,4/15/19 17:55,11.37,9.5,0,0
1920,4/15/19 18:05,11.37,9.5,0,0
1921,4/15/19 18:15,11.36,9.5,0,0
1922,4/15/19 18:25,11.37,9.5,0,0
1923,4/15/19 18:35,11.35,9.48,0,0
1924,4/15/19 18:45,11.36,9.48,0,0
1925,4/15/19 18:55,11.35,9.48,0,0
1926,4/15/19 19:05,11.35,9.46,0,0
1927,4/15/19 19:15,11.35,9.46,0,0
1928,4/15/19 19:25,11.34,9.44,0,0
1929,4/15/19 19:35,11.35,9.44,0,0
1930,4/15/19 19:45,11.35,9.42,0,0
1931,4/15/19 19:55,11.35,9.42,0,0
1932,4/15/19 20:05,11.35,9.4,0,0
1933,4/15/19 20:15,11.35,9.4,0,0
1934,4/15/19 20:25,11.36,9.38,0,0
1935,4/15/19 20:35,11.36,9.38,0,0
1936,4/15/19 20:45,11.36,9.36,0,0
1937,4/15/19 20:55,11.36,9.36,0,0
1938,4/15/19 21:05,11.36,9.36,0,0
1939,4/15/19 21:15,11.37,9.34,0,0
1940,4/15/19 21:25,11.37,9.34,0,0
1941,4/15/19 21:35,11.37,9.32,0,0
1942,4/15/19 21:45,11.37,9.32,0,0
1943,4/15/19 21:55,11.39,9.3,0,0
1944,4/15/19 22:05,11.38,9.3,0,0
1945,4/15/19 22:15,11.38,9.28,0,0
1946,4/15/19 22:25,11.38,9.28,0,0
1947,4/15/19 22:35,11.38,9.28,0,0
1948,4/15/19 22:45,11.41,9.26,0,0
1949,4/15/19 22:55,11.39,9.26,0,0
1950,4/15/19 23:05,11.41,9.26,0,0
1951,4/15/19 23:15,11.41,9.24,0,0
1952,4/15/19 23:25,11.41,9.24,0,0
1953,4/15/19 23:35,11.42,9.24,0,0
1954,4/15/19 23:45,11.42,9.24,0,0
1955,4/15/19 23:55,11.41,9.24,0,0
1956,4/16/19 0:05,11.42,9.24,0,0
1957,4/16/19 0:15,11.42,9.24,0,0
1958,4/16/19 0:25,11.42,9.24,0,0
1959,4/16/19 0:35,11.42,9.22,0,0
1960,4/16/19 0:45,11.43,9.22,0,0
1961,4/16/19 0:55,11.43,9.2,0,0
1962,4/16/19 1:05,11.43,9.2,0,0
1963,4/16/19 1:15,11.44,9.2,0,0
1964,4/16/19 1:25,11.45,9.18,0,0
1965,4/16/19 1:35,11.44,9.18,0,0
1966,4/16/19 1:45,11.44,9.16,0,0
1967,4/16/19 1:55,11.44,9.16,0,0
1968,4/16/19 2:05,11.44,9.14,0,0
1969,4/16/19 2:15,11.46,9.12,0,0
1970,4/16/19 2:25,11.46,9.1,0,0
1971,4/16/19 2:35,11.46,9.1,0,0
1972,4/16/19 2:45,11.47,9.1,0,0
1973,4/16/19 2:55,11.46,9.1,0,0
1974,4/16/19 3:05,11.47,9.1,0,0
1975,4/16/19 3:15,11.46,9.12,0,0
1976,4/16/19 3:25,11.47,9.12,0,0
1977,4/16/19 3:35,11.47,9.14,0,0
1978,4/16/19 3:45,11.48,9.14,0,0
1979,4/16/19 3:55,11.47,9.14,0,0
1980,4/16/19 4:05,11.47,9.14,0,0
1981,4/16/19 4:15,11.47,9.14,0,0
1982,4/16/19 4:25,11.47,9.14,0,0
1983,4/16/19 4:35,11.45,9.14,0,0
1984,4/16/19 4:45,11.47,9.12,0,0
1985,4/16/19 4:55,11.46,9.12,0,0
1986,4/16/19 5:05,11.47,9.12,0,0
1987,4/16/19 5:15,11.48,9.12,0,0
1988,4/16/19 5:25,11.47,9.14,0,0
1989,4/16/19 5:35,11.47,9.14,0,0
1990,4/16/19 5:45,11.48,9.14,0,0
1991,4/16/19 5:55,11.47,9.14,0,0
1992,4/16/19 6:05,11.48,9.14,0,0
1993,4/16/19 6:15,11.49,9.14,0,0
1994,4/16/19 6:25,11.48,9.14,0,0
1995,4/16/19 6:35,11.48,9.14,0,0
1996,4/16/19 6:45,11.49,9.12,0,0
1997,4/16/19 6:55,11.48,9.12,0,0
1998,4/16/19 7:05,11.49,9.12,0,0
1999,4/16/19 7:15,11.5,9.14,0,0
2000,4/16/19 7:25,11.5,9.14,0,0
2001,4/16/19 7:35,11.49,9.14,0,0
2002,4/16/19 7:45,11.5,9.16,0,0
2003,4/16/19 7:55,11.51,9.16,0,0
2004,4/16/19 8:05,11.51,9.18,0,0
2005,4/16/19 8:15,11.51,9.2,0,0
2006,4/16/19 8:25,11.51,9.2,0,0
2007,4/16/19 8:35,11.5,9.22,0,0
2008,4/16/19 8:45,11.5,9.22,0,0
2009,4/16/19 8:55,11.5,9.24,0,0
2010,4/16/19 9:05,11.49,9.24,0,0